date,NFIB_NFIB Overall_SA_Index,NFIB_NFIB Good time to Expand_SA_Diffusion,NFIB_NFIB Business Conditions_SA_Diffusion,NFIB_NFIB Earnings Changes_SA_Diffusion,NFIB_NFIB Sales Changes_SA_Diffusion,NFIB_NFIB Sales Expactations_SA_Diffusion,NFIB_NFIB Price Change_SA_Diffusion,NFIB_NFIB Price Plans_SA_Diffusion,NFIB_NFIB Employment Changes_SA_Diffusion,NFIB_NFIB Qualified Applicants for Job Openings_SA_Diffusion,NFIB_NFIB Job Openings_SA_Diffusion,NFIB_NFIB Hiring Plans_SA_Diffusion,NFIB_NFIB Compensation_SA_Diffusion,NFIB_NFIB Compensation Plans_SA_Diffusion,NFIB_Credit Condition Regular Borrowers_NSA_Percent,NFIB_Credit Condition Availability of Loans_SA_Diffusion,NFIB_Borrowing Needs Satisfied_NSA_Percent,NFIB_Borrowing Needs Not Satisfied_NSA_Percent,NFIB_Expected Credit Conditions_SA_Diffusion,NFIB_Relative Interest Rate Paid_SA_Diffusion,NFIB_Actual Interest Rate Paid_NSA_Percent,NFIB_NFIB Change in Inventory_SA_Diffusion,NFIB_NFIB Inventory Satisfaction_SA_Diffusion,NFIB_NFIB Inventory Levels_SA_Diffusion,NFIB_NFIB Actual Capital Expenditures_SA_Diffusion,NFIB_NFIB Capital Expenditure Plans_SA_Diffusion,NFIB_Taxes_NSA_Percent,NFIB_Inflation_NSA_Percent,NFIB_Poor Sales_NSA_Percent,NFIB_Financial and Interest Rates_NSA_Percent,NFIB_Labor Cost_NSA_Percent,NFIB_Government Regulation_NSA_Percent,NFIB_Competition from Large Business_NSA_Percent,NFIB_Quality of Labor_NSA_Percent,NFIB_Cost and Availability of Insurance_NSA_Percent,NFIB_Other Problem_NSA_Percent
1/31/1986,100.3,21,11,-12,8,25,7,18,5,#N/A N/A,18,9,20,18,38,-4,#N/A N/A,#N/A N/A,-5,-12,#N/A N/A,0,-3,4,57,31,22,3,14,9,6,10,12,7,0,#N/A N/A
2/28/1986,99.8,19,13,-12,9,27,10,12,0,#N/A N/A,15,7,21,16,41,-6,#N/A N/A,#N/A N/A,-7,-10,#N/A N/A,0,-2,4,54,29,20,3,16,9,5,12,11,6,0,#N/A N/A
3/31/1986,101.5,26,18,-10,7,24,3,14,0,#N/A N/A,19,13,23,16,39,-5,#N/A N/A,#N/A N/A,-5,-16,#N/A N/A,0,-4,2,54,28,21,3,15,9,3,9,12,8,0,#N/A N/A
4/30/1986,101,27,16,-12,4,27,2,13,2,#N/A N/A,16,8,21,16,42,-5,#N/A N/A,#N/A N/A,-4,-29,#N/A N/A,2,-4,1,56,32,20,2,16,8,5,10,12,7,0,#N/A N/A
5/31/1986,102,26,13,-10,2,26,4,16,6,#N/A N/A,15,9,19,16,36,-3,#N/A N/A,#N/A N/A,-1,-26,#N/A N/A,5,1,5,54,34,20,3,14,5,5,13,12,7,0,#N/A N/A
6/30/1986,101.3,23,17,-7,8,23,4,16,-1,#N/A N/A,18,10,17,18,37,-5,#N/A N/A,#N/A N/A,-6,-23,#N/A N/A,1,-3,4,52,30,21,3,17,7,5,8,9,7,1,#N/A N/A
7/31/1986,99.8,20,11,-13,5,28,3,17,2,#N/A N/A,16,7,18,16,42,-5,#N/A N/A,#N/A N/A,-6,-22,#N/A N/A,1,-3,2,51,32,19,2,15,7,5,12,11,7,0,#N/A N/A
8/31/1986,98.8,21,8,-11,8,23,5,15,-7,#N/A N/A,14,5,14,15,43,-6,#N/A N/A,#N/A N/A,-8,-23,#N/A N/A,4,-2,4,56,30,21,2,18,6,5,11,12,7,0,#N/A N/A
9/30/1986,98.6,20,4,-16,3,21,6,17,2,#N/A N/A,17,9,17,18,39,-6,#N/A N/A,#N/A N/A,-8,-23,#N/A N/A,-2,-1,4,50,30,19,3,15,6,6,11,11,8,0,#N/A N/A
10/31/1986,98.8,18,8,-10,8,21,7,16,2,#N/A N/A,16,5,18,14,41,-4,#N/A N/A,#N/A N/A,-6,-23,#N/A N/A,2,-4,3,51,30,21,3,16,5,4,12,11,8,1,#N/A N/A
11/30/1986,97.5,17,5,-15,1,28,6,16,3,#N/A N/A,18,7,21,14,39,-5,#N/A N/A,#N/A N/A,-7,-19,#N/A N/A,6,-7,-5,54,28,21,3,17,5,3,10,13,8,1,#N/A N/A
12/31/1986,100.7,18,5,-5,14,28,8,19,3,#N/A N/A,16,11,16,16,38,-3,#N/A N/A,#N/A N/A,-4,-13,#N/A N/A,3,-1,6,57,29,23,3,16,5,5,11,12,9,0,#N/A N/A
1/31/1987,100.1,19,7,-7,8,25,7,16,2,#N/A N/A,17,7,19,15,36,-4,#N/A N/A,#N/A N/A,-5,-11,#N/A N/A,0,-1,5,53,30,21,3,15,5,5,13,12,8,1,#N/A N/A
2/28/1987,100.6,17,13,-11,3,28,10,15,0,#N/A N/A,20,8,17,13,37,-5,#N/A N/A,#N/A N/A,-6,-8,#N/A N/A,-1,-2,6,55,29,23,3,18,6,5,12,10,7,1,#N/A N/A
3/31/1987,101.2,21,11,-7,12,26,8,17,0,#N/A N/A,18,9,19,16,37,-5,#N/A N/A,#N/A N/A,-5,-10,#N/A N/A,2,-1,3,52,33,20,4,16,7,4,14,11,7,0,#N/A N/A
4/30/1987,100.1,18,5,-10,8,28,9,15,1,#N/A N/A,19,9,20,17,37,-5,#N/A N/A,#N/A N/A,-6,-4,#N/A N/A,4,-2,5,52,31,23,3,14,6,6,12,11,8,1,#N/A N/A
5/31/1987,99.9,18,2,-9,10,27,11,19,1,#N/A N/A,21,11,21,15,38,-5,#N/A N/A,#N/A N/A,-8,11,#N/A N/A,4,-2,4,56,30,25,3,14,6,5,15,11,7,0,#N/A N/A
6/30/1987,101.7,20,9,-7,6,34,12,20,3,#N/A N/A,17,11,20,19,40,-7,#N/A N/A,#N/A N/A,-6,13,#N/A N/A,3,-3,5,54,34,24,3,12,7,7,12,11,9,1,#N/A N/A
7/31/1987,102.5,20,12,-7,9,34,13,21,3,#N/A N/A,20,11,21,18,39,-7,#N/A N/A,#N/A N/A,-6,16,#N/A N/A,2,-1,5,55,35,25,2,13,7,6,15,11,9,0,#N/A N/A
8/31/1987,103.7,21,16,-5,14,37,15,21,5,#N/A N/A,21,14,22,18,37,-5,#N/A N/A,#N/A N/A,-6,13,#N/A N/A,5,-1,8,53,33,23,3,12,6,6,12,13,9,0,#N/A N/A
9/30/1987,102.4,20,9,-2,13,33,16,21,3,#N/A N/A,19,11,24,18,37,-6,#N/A N/A,#N/A N/A,-6,15,#N/A N/A,6,-1,7,58,32,25,3,10,6,6,15,10,9,1,#N/A N/A
10/31/1987,101.6,18,9,-7,12,31,16,20,3,#N/A N/A,20,10,21,19,40,-6,#N/A N/A,#N/A N/A,-7,25,#N/A N/A,1,0,7,56,31,23,3,13,8,6,12,10,8,1,#N/A N/A
11/30/1987,98.6,14,0,-10,10,24,17,16,1,#N/A N/A,22,10,23,16,35,-7,#N/A N/A,#N/A N/A,-8,11,#N/A N/A,11,-2,2,53,29,23,3,13,8,7,12,12,10,1,#N/A N/A
12/31/1987,100,16,-4,-6,11,24,20,18,3,#N/A N/A,22,10,24,17,36,-5,#N/A N/A,#N/A N/A,-5,6,#N/A N/A,8,1,8,56,30,24,3,12,6,6,15,11,10,1,#N/A N/A
1/31/1988,100.4,14,0,-6,6,25,18,19,1,#N/A N/A,25,12,24,21,38,-6,#N/A N/A,#N/A N/A,-7,9,#N/A N/A,4,-5,8,56,34,23,5,10,5,4,18,11,7,0,#N/A N/A
2/29/1988,99.1,15,0,-12,9,23,17,20,1,#N/A N/A,21,10,24,17,32,-5,#N/A N/A,#N/A N/A,-4,-1,#N/A N/A,3,-3,3,53,32,24,3,15,6,4,13,13,9,1,#N/A N/A
3/31/1988,101.6,18,6,-4,13,27,18,23,4,#N/A N/A,18,13,24,20,34,-3,#N/A N/A,#N/A N/A,-5,-1,#N/A N/A,3,-1,8,57,32,25,3,12,6,6,16,12,7,0,#N/A N/A
4/30/1988,100.6,19,4,-10,9,30,17,20,3,#N/A N/A,22,12,22,19,35,-5,#N/A N/A,#N/A N/A,-6,2,#N/A N/A,6,-3,3,55,32,25,3,10,6,7,15,12,10,1,#N/A N/A
5/31/1988,101,19,2,-7,16,36,17,20,4,#N/A N/A,21,11,24,22,37,-6,#N/A N/A,#N/A N/A,-9,6,#N/A N/A,6,-3,3,56,33,24,2,10,8,7,15,10,9,1,#N/A N/A
6/30/1988,101.7,21,4,-4,11,29,17,22,4,#N/A N/A,20,12,24,19,32,-4,#N/A N/A,#N/A N/A,-6,13,#N/A N/A,6,-2,7,58,32,24,3,11,7,6,15,9,10,0,#N/A N/A
7/31/1988,100.1,18,1,-8,10,28,18,26,4,#N/A N/A,20,10,23,18,37,-6,#N/A N/A,#N/A N/A,-6,16,#N/A N/A,6,-2,5,56,31,25,4,11,5,6,17,11,10,1,#N/A N/A
8/31/1988,101.6,22,6,-9,13,31,24,25,4,#N/A N/A,23,12,29,20,35,-4,#N/A N/A,#N/A N/A,-4,21,#N/A N/A,3,-4,6,57,32,25,3,7,6,9,12,10,11,1,#N/A N/A
9/30/1988,100.8,17,2,-9,15,30,22,23,5,#N/A N/A,23,13,22,21,40,-6,#N/A N/A,#N/A N/A,-9,27,#N/A N/A,9,-3,6,55,34,19,3,8,8,7,18,11,12,1,#N/A N/A
10/31/1988,102.1,18,8,-9,13,31,23,24,3,#N/A N/A,24,13,25,21,39,-6,#N/A N/A,#N/A N/A,-7,22,#N/A N/A,5,0,5,55,35,23,2,11,7,6,14,11,12,1,#N/A N/A
11/30/1988,101.8,19,9,-10,7,36,19,23,4,#N/A N/A,24,12,24,21,36,-6,#N/A N/A,#N/A N/A,-8,18,#N/A N/A,4,-2,2,58,34,24,4,10,9,8,13,11,11,0,#N/A N/A
12/31/1988,100.5,17,4,-9,16,31,25,26,5,#N/A N/A,24,12,25,23,41,-7,#N/A N/A,#N/A N/A,-10,28,#N/A N/A,8,-5,4,61,33,22,4,9,9,6,14,14,8,2,#N/A N/A
1/31/1989,101.3,18,3,-5,13,26,22,25,5,#N/A N/A,25,11,25,21,38,-7,#N/A N/A,#N/A N/A,-7,27,#N/A N/A,4,-2,6,57,35,22,3,10,9,6,19,12,10,1,#N/A N/A
2/28/1989,101.9,21,5,-7,13,29,27,24,6,#N/A N/A,24,13,27,20,36,-7,#N/A N/A,#N/A N/A,-9,28,#N/A N/A,6,-2,9,55,33,21,2,10,10,8,17,12,9,1,#N/A N/A
3/31/1989,101.4,17,-1,-7,15,28,25,25,7,#N/A N/A,25,14,29,21,40,-7,#N/A N/A,#N/A N/A,-9,37,#N/A N/A,5,-2,9,58,36,23,2,7,8,9,15,12,10,0,#N/A N/A
4/30/1989,98,14,-6,-14,6,22,24,24,2,#N/A N/A,23,10,24,20,39,-10,#N/A N/A,#N/A N/A,-12,35,#N/A N/A,3,-1,6,57,32,22,4,10,11,7,16,9,9,1,#N/A N/A
5/31/1989,97.3,14,-6,-14,7,21,20,23,8,#N/A N/A,22,11,26,19,39,-10,#N/A N/A,#N/A N/A,-10,30,#N/A N/A,5,-3,-2,59,33,23,4,7,9,4,19,10,11,0,#N/A N/A
6/30/1989,99.4,16,1,-14,4,28,19,21,2,#N/A N/A,23,7,28,17,37,-8,#N/A N/A,#N/A N/A,-7,21,#N/A N/A,5,-1,5,56,30,20,6,10,10,6,17,11,10,1,#N/A N/A
7/31/1989,99.6,17,0,-10,10,25,19,23,4,#N/A N/A,23,8,24,19,36,-7,#N/A N/A,#N/A N/A,-6,7,#N/A N/A,3,-2,3,55,33,21,4,10,10,7,17,10,10,0,#N/A N/A
8/31/1989,99.6,16,8,-11,11,28,18,21,3,#N/A N/A,18,6,28,19,32,-5,#N/A N/A,#N/A N/A,-6,0,#N/A N/A,2,-1,3,51,32,22,4,9,10,7,19,10,10,0,#N/A N/A
9/30/1989,101.9,20,12,-8,11,35,17,20,0,#N/A N/A,22,9,25,18,35,-6,#N/A N/A,#N/A N/A,-7,-4,#N/A N/A,4,0,2,60,31,23,2,10,8,7,16,13,11,0,#N/A N/A
10/31/1989,101.4,17,12,-12,7,31,21,24,2,#N/A N/A,22,12,26,20,37,-6,#N/A N/A,#N/A N/A,-6,3,#N/A N/A,1,-2,4,56,32,22,4,11,7,7,17,11,11,0,#N/A N/A
11/30/1989,99.7,14,2,-15,2,23,16,26,0,#N/A N/A,25,11,25,19,37,-6,#N/A N/A,#N/A N/A,-7,3,#N/A N/A,2,-1,9,60,32,21,4,8,8,8,16,9,13,1,#N/A N/A
12/31/1989,100.3,16,8,-6,11,26,21,19,1,#N/A N/A,20,9,24,27,35,-6,#N/A N/A,#N/A N/A,-7,1,#N/A N/A,3,-3,3,54,33,21,5,10,7,5,19,12,8,0,#N/A N/A
1/31/1990,99.3,16,2,-14,9,23,23,26,-1,#N/A N/A,23,9,25,22,37,-6,#N/A N/A,#N/A N/A,-6,1,#N/A N/A,1,-4,5,57,34,22,4,11,7,7,18,10,10,0,#N/A N/A
2/28/1990,99.2,12,2,-13,9,23,20,22,2,#N/A N/A,21,11,24,21,35,-7,#N/A N/A,#N/A N/A,-7,0,#N/A N/A,-1,-3,6,58,34,18,4,12,9,5,20,11,10,0,#N/A N/A
3/31/1990,100.4,15,5,-10,9,30,15,23,3,#N/A N/A,19,11,23,18,34,-6,#N/A N/A,#N/A N/A,-8,4,#N/A N/A,0,1,4,57,33,24,4,9,7,4,18,11,9,1,#N/A N/A
4/30/1990,99.3,15,4,-12,9,24,18,21,2,#N/A N/A,21,9,25,21,34,-7,#N/A N/A,#N/A N/A,-7,5,#N/A N/A,1,-1,4,56,31,23,4,10,7,7,18,9,9,0,#N/A N/A
5/31/1990,99.4,16,1,-10,8,23,20,21,-1,#N/A N/A,22,13,27,17,36,-10,#N/A N/A,#N/A N/A,-11,7,#N/A N/A,1,-3,4,57,34,24,4,10,8,6,18,9,11,0,#N/A N/A
6/30/1990,98.7,16,2,-12,9,25,16,20,1,#N/A N/A,19,11,26,20,34,-10,#N/A N/A,#N/A N/A,-10,4,#N/A N/A,-2,-3,2,57,31,22,3,9,7,7,19,12,9,1,#N/A N/A
7/31/1990,97.9,13,1,-14,7,22,12,22,2,#N/A N/A,19,9,26,18,38,-10,#N/A N/A,#N/A N/A,-11,6,#N/A N/A,1,-3,6,55,31,23,4,11,7,8,18,9,10,0,#N/A N/A
8/31/1990,95.2,11,-15,-17,5,20,15,20,-1,#N/A N/A,19,6,23,17,36,-11,#N/A N/A,#N/A N/A,-13,6,#N/A N/A,-3,-3,3,54,32,22,4,11,7,6,19,10,10,0,#N/A N/A
9/30/1990,92.9,8,-17,-19,-2,13,16,28,0,#N/A N/A,19,5,26,16,34,-11,#N/A N/A,#N/A N/A,-12,8,#N/A N/A,-2,-6,-2,56,29,24,5,12,6,6,15,10,10,1,#N/A N/A
10/31/1990,91.6,7,-25,-23,-1,9,17,28,-3,#N/A N/A,18,4,24,17,35,-10,#N/A N/A,#N/A N/A,-13,8,#N/A N/A,-6,-3,1,57,28,22,6,13,7,5,17,9,9,0,#N/A N/A
11/30/1990,91.8,8,-19,-22,-3,7,15,24,-4,#N/A N/A,17,1,23,17,34,-10,#N/A N/A,#N/A N/A,-13,7,#N/A N/A,-6,-3,0,57,30,22,5,14,7,5,14,9,11,0,#N/A N/A
12/31/1990,91.7,8,-7,-26,-6,6,15,23,-3,#N/A N/A,15,1,19,17,36,-11,#N/A N/A,#N/A N/A,-13,4,#N/A N/A,-7,-6,-1,54,26,23,7,15,6,6,17,7,7,0,#N/A N/A
1/31/1991,91.2,6,-5,-24,-5,-2,11,18,-2,#N/A N/A,15,1,18,16,35,-10,#N/A N/A,#N/A N/A,-12,-2,#N/A N/A,-6,-4,-1,54,26,25,4,15,6,5,17,9,7,0,#N/A N/A
2/28/1991,95.4,9,22,-20,2,3,9,18,-4,#N/A N/A,14,4,20,14,33,-9,#N/A N/A,#N/A N/A,-10,-10,#N/A N/A,-8,-6,3,53,26,24,5,14,7,6,18,7,6,0,#N/A N/A
3/31/1991,100.1,12,38,-23,-10,24,7,15,-10,#N/A N/A,16,10,20,17,34,-12,#N/A N/A,#N/A N/A,-12,-13,#N/A N/A,-8,-2,7,50,26,23,4,14,6,6,17,11,7,0,#N/A N/A
4/30/1991,100.2,12,39,-26,-11,28,6,17,-6,#N/A N/A,14,8,20,18,36,-11,#N/A N/A,#N/A N/A,-9,-13,#N/A N/A,-10,-2,4,54,30,24,3,17,5,6,18,10,6,0,#N/A N/A
5/31/1991,99.4,11,37,-28,-10,26,8,16,-5,#N/A N/A,13,8,22,15,32,-9,#N/A N/A,#N/A N/A,-7,-19,#N/A N/A,-6,-1,2,51,28,23,5,18,5,6,16,8,7,0,#N/A N/A
6/30/1991,99.6,13,38,-30,-5,26,2,16,-4,#N/A N/A,14,7,22,16,34,-10,#N/A N/A,#N/A N/A,-8,-15,#N/A N/A,-10,-2,1,55,31,21,5,15,5,5,21,9,6,0,#N/A N/A
7/31/1991,100.6,11,39,-22,-4,30,2,18,-4,#N/A N/A,15,7,18,14,35,-11,#N/A N/A,#N/A N/A,-11,-8,#N/A N/A,-9,-1,6,52,28,24,4,15,5,7,17,8,8,0,#N/A N/A
8/31/1991,98.4,15,34,-25,-5,24,8,18,-4,#N/A N/A,13,0,22,13,35,-12,#N/A N/A,#N/A N/A,-11,-9,#N/A N/A,-10,-2,3,49,29,26,4,18,6,5,16,8,7,0,#N/A N/A
9/30/1991,99.4,10,31,-17,0,26,5,18,-6,#N/A N/A,14,5,19,13,36,-10,#N/A N/A,#N/A N/A,-11,-12,#N/A N/A,-4,0,2,51,29,26,3,14,6,6,17,9,7,0,#N/A N/A
10/31/1991,97.8,12,28,-26,-5,24,4,15,-5,#N/A N/A,13,4,16,12,35,-10,#N/A N/A,#N/A N/A,-11,-18,#N/A N/A,-8,-1,1,50,27,25,5,17,5,5,18,8,6,0,#N/A N/A
11/30/1991,95.3,9,18,-27,-9,16,0,16,-4,#N/A N/A,11,3,15,11,38,-12,#N/A N/A,#N/A N/A,-12,-17,#N/A N/A,-7,-1,-2,54,29,24,4,19,5,5,16,9,5,0,#N/A N/A
12/31/1991,95.8,10,20,-29,-10,15,3,11,-6,#N/A N/A,12,1,14,10,36,-10,#N/A N/A,#N/A N/A,-11,-17,#N/A N/A,-9,3,5,52,25,25,5,21,4,5,16,7,5,0,#N/A N/A
1/31/1992,96.7,11,25,-27,-11,19,0,13,-4,#N/A N/A,12,2,15,10,34,-8,#N/A N/A,#N/A N/A,-8,-23,#N/A N/A,-11,-3,2,51,27,24,4,19,4,5,18,8,5,0,#N/A N/A
2/29/1992,98.4,12,28,-24,-5,20,-3,14,-7,#N/A N/A,13,7,12,11,30,-10,#N/A N/A,#N/A N/A,-8,-17,#N/A N/A,-8,1,3,50,27,23,3,18,5,6,20,9,4,0,#N/A N/A
3/31/1992,100.1,10,39,-20,-4,26,5,15,-6,#N/A N/A,13,5,13,12,33,-11,#N/A N/A,#N/A N/A,-9,-20,#N/A N/A,-9,-1,4,50,29,24,4,18,4,5,21,8,5,0,#N/A N/A
4/30/1992,100.6,14,37,-19,1,27,2,14,-1,#N/A N/A,14,6,13,13,33,-8,#N/A N/A,#N/A N/A,-8,-15,#N/A N/A,-8,-1,4,50,29,23,4,16,4,4,23,9,5,0,#N/A N/A
5/31/1992,100.8,15,36,-17,0,22,0,16,0,#N/A N/A,16,6,14,14,33,-9,#N/A N/A,#N/A N/A,-9,-16,#N/A N/A,-8,2,4,54,30,24,4,15,5,5,22,7,5,0,#N/A N/A
6/30/1992,101.2,14,32,-14,1,28,3,14,-3,#N/A N/A,15,8,14,14,35,-7,#N/A N/A,#N/A N/A,-7,-14,#N/A N/A,-5,1,3,53,28,25,3,14,5,5,19,11,5,0,#N/A N/A
7/31/1992,99,12,23,-18,1,24,2,15,-1,#N/A N/A,16,5,17,13,35,-8,#N/A N/A,#N/A N/A,-8,-18,#N/A N/A,-6,-1,2,53,30,25,3,17,4,5,21,7,5,0,#N/A N/A
8/31/1992,99.9,12,21,-13,3,26,6,15,-1,#N/A N/A,13,4,14,12,31,-8,#N/A N/A,#N/A N/A,-6,-20,#N/A N/A,-6,4,6,52,29,22,3,16,5,6,22,10,4,0,#N/A N/A
9/30/1992,98.6,12,19,-19,2,27,2,15,-3,#N/A N/A,14,5,16,13,34,-10,#N/A N/A,#N/A N/A,-10,-18,#N/A N/A,-8,0,1,51,31,22,3,16,4,5,23,8,5,0,#N/A N/A
10/31/1992,98,11,16,-18,1,21,2,15,-2,#N/A N/A,14,6,17,15,34,-7,#N/A N/A,#N/A N/A,-9,-16,#N/A N/A,-5,-2,3,54,31,24,3,18,3,5,22,8,4,1,#N/A N/A
11/30/1992,100.4,12,19,-8,9,29,3,18,-2,#N/A N/A,15,7,17,10,33,-8,#N/A N/A,#N/A N/A,-8,-9,#N/A N/A,-5,1,2,55,31,25,3,16,4,6,20,9,5,0,#N/A N/A
12/31/1992,100.7,14,24,-12,2,28,0,17,-2,#N/A N/A,15,8,15,15,33,-8,#N/A N/A,#N/A N/A,-8,-6,#N/A N/A,-5,1,4,54,30,25,3,13,3,5,24,10,4,1,#N/A N/A
1/31/1993,100.6,14,20,-12,8,27,6,18,-1,#N/A N/A,16,7,16,16,33,-7,#N/A N/A,#N/A N/A,-7,-4,#N/A N/A,-2,0,6,55,32,25,3,14,3,5,22,10,6,0,#N/A N/A
2/28/1993,98.3,13,8,-15,4,22,4,20,-3,#N/A N/A,15,6,16,13,33,-8,#N/A N/A,#N/A N/A,-10,-2,#N/A N/A,-6,2,4,56,33,25,3,13,4,5,23,10,4,1,#N/A N/A
3/31/1993,97.4,10,-4,-17,2,18,5,19,-5,#N/A N/A,16,8,17,12,31,-7,#N/A N/A,#N/A N/A,-7,-6,#N/A N/A,-5,3,9,57,32,25,3,15,4,6,22,7,5,1,#N/A N/A
4/30/1993,95.4,12,-8,-22,0,13,3,20,-3,30,15,8,20,12,35,-7,34,10,-7,-10,#N/A N/A,-2,0,3,63,32,24,3,13,4,5,22,8,4,13,#N/A N/A
5/31/1993,93.7,9,-19,-26,-3,15,2,16,-4,28,16,8,18,11,34,-8,35,10,-8,-9,#N/A N/A,-3,-1,1,64,32,24,2,12,4,5,20,8,4,16,#N/A N/A
6/30/1993,92.9,9,-22,-21,-2,9,8,21,-2,29,16,6,15,11,34,-9,32,10,-11,-8,#N/A N/A,-4,-3,2,65,32,25,3,13,4,5,20,8,5,12,#N/A N/A
7/31/1993,93.8,9,-16,-21,0,12,2,17,1,33,16,4,18,10,33,-4,34,8,-6,-10,#N/A N/A,-4,-1,0,62,31,26,2,14,3,4,22,8,6,12,#N/A N/A
8/31/1993,92.4,8,-26,-25,-6,11,3,19,-1,37,16,4,17,8,33,-6,35,6,-9,-7,#N/A N/A,-5,0,3,63,31,29,2,13,3,5,19,10,5,10,#N/A N/A
9/30/1993,94.1,9,-18,-22,-1,10,0,18,-3,39,16,7,19,11,32,-5,32,7,-7,-9,#N/A N/A,-3,1,3,61,32,27,2,12,3,5,19,10,6,11,#N/A N/A
10/31/1993,94.9,12,-14,-25,3,16,6,20,0,37,17,7,18,10,34,-7,33,8,-7,-9,#N/A N/A,-2,-1,2,62,32,27,2,12,2,5,21,8,6,12,#N/A N/A
11/30/1993,98.5,15,-9,-16,7,24,4,18,0,35,18,11,19,12,33,-4,32,10,-6,-6,#N/A N/A,-1,2,7,65,34,27,2,10,4,5,24,7,5,11,#N/A N/A
12/31/1993,98.1,16,-3,-18,3,19,9,20,-1,37,18,12,18,12,30,-5,33,8,-5,-4,#N/A N/A,1,1,5,62,30,23,2,11,2,5,23,8,5,14,#N/A N/A
1/31/1994,99.6,16,4,-13,9,22,5,19,4,35,20,11,21,14,31,-4,33,7,-5,-2,#N/A N/A,0,-1,5,67,33,26,2,11,3,6,23,7,6,11,#N/A N/A
2/28/1994,99.9,17,4,-9,12,21,7,17,2,36,20,11,22,14,33,-6,34,7,-7,0,#N/A N/A,0,1,5,67,32,24,1,11,5,5,24,9,7,12,#N/A N/A
3/31/1994,100.1,17,3,-16,6,25,10,22,4,37,24,16,21,14,34,-4,34,6,-7,5,#N/A N/A,1,-4,2,64,36,25,2,9,4,5,25,7,7,10,#N/A N/A
4/30/1994,98,16,-4,-17,5,19,4,19,4,37,21,10,20,13,30,-3,34,7,-7,13,#N/A N/A,-1,-2,4,66,34,25,2,10,4,6,23,8,7,10,#N/A N/A
5/31/1994,98.5,14,-3,-18,5,23,5,20,5,39,21,13,20,13,34,-6,35,8,-8,17,#N/A N/A,2,-1,6,65,32,27,1,8,4,5,26,8,5,10,#N/A N/A
6/30/1994,98.9,17,-1,-17,6,22,7,18,5,39,19,10,20,16,39,-7,37,7,-9,19,#N/A N/A,2,0,9,62,33,27,2,9,4,4,22,7,8,11,#N/A N/A
7/31/1994,98.7,15,-5,-14,8,18,4,17,2,41,22,12,24,15,36,-5,36,7,-7,22,#N/A N/A,3,0,5,66,35,26,2,9,4,4,23,10,9,10,#N/A N/A
8/31/1994,99,16,-2,-18,4,21,5,18,6,42,22,9,23,13,37,-5,33,7,-7,22,#N/A N/A,3,2,8,66,34,23,1,8,5,6,27,10,9,9,#N/A N/A
9/30/1994,99.4,15,-2,-14,-2,28,8,22,6,43,22,10,21,14,36,-6,36,6,-9,25,#N/A N/A,5,-3,9,67,33,26,1,7,5,7,23,8,11,9,#N/A N/A
10/31/1994,99.9,19,0,-17,6,26,8,22,4,43,23,14,24,15,36,-7,35,7,-9,25,#N/A N/A,5,-2,5,66,35,25,2,9,5,4,24,8,9,9,#N/A N/A
11/30/1994,103.7,22,10,-5,11,28,10,21,5,42,22,18,23,15,37,-5,37,7,-6,27,#N/A N/A,5,2,9,68,37,25,1,8,6,5,21,8,10,8,#N/A N/A
12/31/1994,101.2,16,15,-12,7,25,15,21,6,40,21,10,22,15,37,-5,33,6,-8,32,#N/A N/A,6,-2,7,69,37,26,2,9,6,5,22,9,7,9,#N/A N/A
1/31/1995,101.8,19,11,-9,10,24,13,22,7,42,24,14,26,15,38,-6,37,6,-8,31,#N/A N/A,7,-3,6,69,38,24,1,8,6,5,23,11,8,9,#N/A N/A
2/28/1995,100.7,16,2,-11,11,29,13,23,6,40,25,18,25,17,39,-6,36,6,-8,34,#N/A N/A,10,-4,-1,66,36,23,2,7,6,6,21,10,10,8,#N/A N/A
3/31/1995,100.5,20,5,-16,5,24,15,20,5,41,23,18,26,16,37,-6,37,6,-8,32,#N/A N/A,5,-1,-3,68,38,24,2,8,7,4,20,11,8,10,#N/A N/A
4/30/1995,100.2,19,2,-11,8,19,11,19,7,42,23,14,24,16,36,-6,39,6,-5,26,#N/A N/A,7,-4,4,68,37,27,2,10,6,5,19,10,9,8,#N/A N/A
5/31/1995,99.6,14,0,-19,-2,18,10,18,1,40,25,16,22,14,34,-5,35,7,-4,20,#N/A N/A,5,-3,5,69,39,28,2,9,6,3,22,11,8,7,#N/A N/A
6/30/1995,99.6,16,-2,-15,9,18,4,18,3,41,23,13,21,17,33,-6,37,6,-6,14,#N/A N/A,3,-4,9,67,38,27,2,7,3,6,21,11,9,8,#N/A N/A
7/31/1995,100.3,17,3,-17,4,21,8,18,3,44,25,14,23,14,33,-4,35,6,-7,9,#N/A N/A,5,-2,9,68,36,25,2,10,5,5,19,9,10,10,#N/A N/A
8/31/1995,100.3,19,5,-19,-3,23,9,16,-4,43,23,14,20,16,33,-4,36,8,-5,3,#N/A N/A,2,-2,7,66,35,25,2,10,5,7,20,13,8,7,#N/A N/A
9/30/1995,101.6,16,7,-14,7,25,10,20,4,45,23,17,24,16,35,-2,35,8,-5,5,#N/A N/A,8,0,7,66,37,26,3,9,5,5,17,12,12,8,#N/A N/A
10/31/1995,101.3,17,10,-12,7,21,9,21,7,44,25,12,25,17,32,-4,34,6,-4,5,#N/A N/A,5,-2,5,70,37,30,2,6,5,5,18,9,12,8,#N/A N/A
11/30/1995,101.8,17,10,-8,22,17,9,18,3,42,23,15,24,21,34,-2,38,5,-2,5,#N/A N/A,3,0,4,72,40,29,2,7,4,5,18,12,12,7,#N/A N/A
12/31/1995,101.1,16,5,-8,2,19,9,21,3,45,24,15,23,16,31,-2,37,4,-2,2,#N/A N/A,6,-1,7,69,33,25,1,10,4,6,20,10,12,8,#N/A N/A
1/31/1996,99.6,15,-1,-16,3,20,6,19,4,42,25,15,24,16,33,-3,37,5,-4,-4,#N/A N/A,2,-6,3,70,40,27,2,9,4,5,19,11,11,6,#N/A N/A
2/29/1996,100.2,18,-2,-17,4,26,9,17,1,39,25,13,25,17,37,-2,38,6,-4,-9,#N/A N/A,-1,-5,4,68,39,28,2,8,4,6,20,9,9,9,#N/A N/A
3/31/1996,100.8,19,0,-13,9,26,9,17,2,41,23,14,22,16,35,-3,38,7,-4,-7,#N/A N/A,4,-4,6,72,37,27,2,9,4,4,21,11,10,8,#N/A N/A
4/30/1996,99.6,19,-1,-17,2,23,7,16,3,44,25,15,26,17,34,-4,35,7,-5,1,#N/A N/A,3,-5,3,68,35,29,1,9,4,5,18,10,12,7,#N/A N/A
5/31/1996,99.4,17,-4,-17,5,17,13,21,5,42,26,16,27,17,36,-3,38,6,-6,2,#N/A N/A,7,-4,9,65,35,28,2,9,4,5,16,10,12,6,#N/A N/A
6/30/1996,101.4,15,3,-11,6,28,8,16,5,45,27,17,26,18,35,-5,36,7,-5,4,#N/A N/A,4,-1,2,70,35,26,1,9,5,4,15,10,17,8,#N/A N/A
7/31/1996,99.8,17,1,-15,7,24,7,17,4,46,25,13,27,17,34,-4,37,6,-6,7,#N/A N/A,5,-4,4,67,35,26,1,9,4,6,17,11,12,7,#N/A N/A
8/31/1996,100.1,19,1,-19,5,22,6,18,2,43,28,14,27,19,37,-2,41,6,-6,6,#N/A N/A,3,-5,5,68,39,29,2,7,4,4,19,8,12,9,#N/A N/A
9/30/1996,100.5,16,-4,-14,11,26,7,18,5,42,24,13,27,19,33,-3,32,7,-3,3,#N/A N/A,0,0,6,68,37,27,2,9,4,5,17,9,13,7,#N/A N/A
10/31/1996,101.2,18,0,-12,6,24,9,18,4,51,26,15,30,18,34,-5,38,6,-5,6,#N/A N/A,4,-1,6,67,37,27,1,7,4,5,16,11,15,7,#N/A N/A
11/30/1996,98.9,16,-8,-14,6,21,10,17,5,47,26,15,29,17,33,-3,36,7,-5,6,#N/A N/A,4,-5,2,70,36,25,1,7,3,6,18,12,13,7,#N/A N/A
12/31/1996,99.8,19,-4,-14,7,21,5,21,3,43,24,15,31,17,32,-3,38,5,-3,4,#N/A N/A,-1,-5,3,76,36,28,1,7,3,6,16,13,12,8,#N/A N/A
1/31/1997,100.9,19,-1,-17,3,24,6,21,3,42,27,16,29,17,35,-3,38,5,-4,6,#N/A N/A,0,-2,6,70,38,28,2,7,3,7,17,9,13,7,#N/A N/A
2/28/1997,101.9,22,-1,-15,6,28,9,18,3,43,26,16,28,17,35,-4,36,7,-5,6,#N/A N/A,-1,3,7,73,36,32,2,7,5,5,16,11,12,6,#N/A N/A
3/31/1997,100.5,21,0,-13,3,27,6,24,2,40,24,13,26,19,33,-3,33,6,-4,6,#N/A N/A,4,-4,1,65,36,29,1,9,4,4,18,9,12,6,#N/A N/A
4/30/1997,100.5,21,-6,-16,5,24,9,16,5,42,27,15,29,17,36,-4,38,6,-6,17,#N/A N/A,6,-2,6,69,38,28,1,6,5,6,17,11,13,6,#N/A N/A
5/31/1997,100.7,21,2,-19,3,23,4,17,2,43,25,17,30,18,31,-3,38,5,-3,15,#N/A N/A,7,-5,5,69,37,29,1,8,3,5,18,12,12,6,#N/A N/A
6/30/1997,102.7,22,3,-10,11,29,3,22,10,45,26,15,27,18,39,-5,38,5,-5,12,#N/A N/A,5,-1,5,72,40,30,1,6,4,5,17,13,13,5,#N/A N/A
7/31/1997,103.8,27,6,-10,9,28,5,18,3,47,29,18,28,19,36,-3,38,6,-4,9,#N/A N/A,6,-2,6,67,39,28,1,7,4,7,16,11,14,6,#N/A N/A
8/31/1997,103.8,28,7,-9,12,29,7,20,6,48,27,18,26,21,34,-2,38,6,-3,3,#N/A N/A,4,-3,7,69,38,25,1,6,3,5,18,14,18,5,#N/A N/A
9/30/1997,102.7,22,7,-15,3,30,7,21,5,48,28,18,31,22,36,-3,38,7,-5,5,#N/A N/A,9,-3,7,67,36,27,1,9,3,5,17,10,17,4,#N/A N/A
10/31/1997,103.9,26,9,-9,7,28,6,18,3,47,28,18,31,20,32,-1,36,5,-3,3,#N/A N/A,4,-3,5,69,38,26,1,8,4,6,16,12,16,6,#N/A N/A
11/30/1997,103.3,23,8,-10,7,28,6,19,6,46,29,20,31,19,33,-4,35,6,-5,4,#N/A N/A,8,-3,3,69,39,25,1,8,4,5,16,12,17,5,#N/A N/A
12/31/1997,102.3,22,5,-16,4,23,9,19,3,46,28,20,29,19,34,-1,36,6,-3,2,#N/A N/A,2,-1,5,68,38,27,2,8,2,5,16,13,16,5,#N/A N/A
1/31/1998,102.1,24,-2,-9,10,21,4,18,1,46,27,18,31,18,34,-2,37,4,-2,1,#N/A N/A,4,1,4,72,37,28,1,5,3,7,17,12,16,6,#N/A N/A
2/28/1998,101.9,24,-1,-9,5,29,4,18,6,46,26,16,28,18,33,-1,36,5,-3,0,#N/A N/A,7,-4,4,67,34,25,1,6,3,6,18,12,17,7,#N/A N/A
3/31/1998,101.7,26,-4,-7,12,18,-1,14,6,39,28,17,27,19,35,-2,37,6,0,1,#N/A N/A,0,-6,3,73,39,27,1,9,4,7,16,9,18,5,#N/A N/A
4/30/1998,102.8,28,0,-11,5,27,0,16,5,45,29,17,29,19,33,-2,38,5,-4,-2,#N/A N/A,7,-3,7,69,37,29,1,7,3,5,15,13,17,5,#N/A N/A
5/31/1998,101.6,25,2,-10,8,23,1,14,8,44,27,15,30,20,36,-3,38,5,-3,0,#N/A N/A,10,-5,8,67,31,26,1,6,3,6,15,17,14,4,#N/A N/A
6/30/1998,100.7,23,-6,-10,6,16,3,16,2,46,31,17,30,18,36,-4,40,7,-4,-2,#N/A N/A,6,-4,7,66,33,30,1,8,3,6,16,11,16,5,#N/A N/A
7/31/1998,101.5,24,-1,-9,8,21,2,14,2,48,29,15,29,18,31,-1,35,5,-3,-2,#N/A N/A,3,-4,4,67,36,26,1,7,3,7,16,11,19,5,#N/A N/A
8/31/1998,101.9,25,-12,-5,10,22,1,14,7,47,27,15,30,21,33,-2,36,5,-3,0,#N/A N/A,4,0,8,71,40,25,1,7,3,7,14,11,20,7,#N/A N/A
9/30/1998,99.5,21,-13,-12,3,22,3,16,5,51,27,17,28,20,34,-2,35,6,-4,-3,#N/A N/A,4,-3,1,66,34,24,0,7,3,6,15,10,21,6,#N/A N/A
10/31/1998,99.9,18,-17,-10,2,18,2,16,3,52,32,18,28,20,35,-1,36,5,-4,-7,#N/A N/A,4,-4,6,70,37,23,1,9,2,7,15,11,21,6,#N/A N/A
11/30/1998,100.7,22,-9,-12,3,22,7,17,4,51,29,17,27,22,35,-2,37,6,-4,-12,#N/A N/A,5,-2,4,68,37,22,2,8,3,9,13,11,23,6,#N/A N/A
12/31/1998,101.5,19,-8,-11,10,19,-2,18,7,51,30,20,27,19,37,1,39,5,-3,-13,#N/A N/A,6,-2,7,72,40,25,1,7,3,7,16,13,16,7,#N/A N/A
1/31/1999,100.5,22,-9,-14,9,21,4,17,3,45,29,16,29,18,38,-2,40,5,-6,-10,#N/A N/A,4,-1,7,69,36,27,1,7,3,6,14,13,18,6,#N/A N/A
2/28/1999,100.7,23,-9,-8,10,19,5,18,7,44,31,15,31,18,37,-3,37,4,-5,-8,#N/A N/A,7,-4,5,67,36,27,1,6,3,6,14,14,16,7,#N/A N/A
3/31/1999,100.9,25,-11,-13,5,24,3,15,3,50,32,16,26,21,35,-3,40,5,-5,-1,#N/A N/A,9,-5,5,69,37,24,1,10,3,8,13,12,18,7,#N/A N/A
4/30/1999,101,24,-12,-8,6,18,4,16,3,46,33,19,27,23,33,0,36,5,-3,-2,#N/A N/A,3,-4,3,69,37,27,1,8,2,6,14,14,18,6,#N/A N/A
5/31/1999,99.6,23,-10,-11,5,15,4,17,4,46,27,12,30,19,34,-3,38,5,-4,-1,#N/A N/A,2,-3,8,69,34,28,1,9,3,7,15,10,18,6,#N/A N/A
6/30/1999,100.7,19,-9,-16,-1,23,5,16,2,49,31,16,32,19,36,-2,38,5,-3,-2,#N/A N/A,7,-1,7,71,36,26,2,7,5,7,13,13,17,7,#N/A N/A
7/31/1999,100.9,25,-3,-12,8,23,6,20,3,49,29,15,30,18,36,-3,36,5,-5,8,#N/A N/A,5,-4,5,68,33,26,1,7,2,7,15,12,21,6,#N/A N/A
8/31/1999,100.5,23,-5,-10,7,18,4,19,8,45,27,16,29,17,33,-3,35,4,-5,11,#N/A N/A,6,-1,6,67,33,25,2,8,3,7,15,13,18,6,#N/A N/A
9/30/1999,102.3,22,-5,-7,10,25,8,21,3,53,29,21,30,21,29,-1,36,2,-1,11,#N/A N/A,4,-4,6,67,35,24,2,9,4,7,15,11,15,8,#N/A N/A
10/31/1999,101.3,20,-2,-11,9,21,7,21,5,52,32,18,30,19,34,-3,35,4,-6,14,#N/A N/A,6,-2,4,68,35,26,1,7,3,7,15,10,22,7,#N/A N/A
11/30/1999,102.9,23,2,-10,5,22,6,19,6,50,31,20,29,20,34,-3,37,4,-6,14,#N/A N/A,7,1,8,69,37,24,3,9,3,7,12,12,20,7,#N/A N/A
12/31/1999,103,27,-2,-9,9,22,7,23,4,51,32,22,30,20,36,-4,37,5,-6,19,#N/A N/A,5,-3,5,69,39,24,1,7,3,8,15,10,23,7,#N/A N/A
1/31/2000,103.4,26,0,-8,11,31,10,23,4,45,31,18,29,20,36,-4,38,4,-6,16,#N/A N/A,7,-2,6,70,37,25,1,7,4,8,15,11,21,6,#N/A N/A
2/29/2000,101,21,-9,-13,6,19,10,24,1,45,32,16,29,20,33,-3,39,5,-5,20,#N/A N/A,4,-3,9,71,39,25,2,6,3,7,15,11,21,7,#N/A N/A
3/31/2000,101.7,23,-12,-8,11,25,16,24,5,45,33,16,32,23,37,-4,38,5,-6,25,#N/A N/A,5,2,7,70,35,23,1,8,4,8,14,11,23,5,#N/A N/A
4/30/2000,100.4,23,-11,-11,8,20,15,20,3,45,34,18,32,19,35,-5,38,4,-7,23,#N/A N/A,9,-3,4,68,33,24,1,7,4,7,14,11,23,7,#N/A N/A
5/31/2000,100,21,-9,-6,6,11,13,22,2,48,34,14,34,21,36,-5,34,5,-6,23,#N/A N/A,2,-1,5,69,33,26,1,6,3,6,14,10,24,7,#N/A N/A
6/30/2000,98.4,18,-15,-16,6,18,16,22,3,47,34,12,32,21,41,-8,39,7,-8,28,#N/A N/A,4,-4,7,70,31,23,2,7,5,8,14,11,20,6,#N/A N/A
7/31/2000,101.4,21,-4,-12,8,21,14,22,3,49,33,18,31,21,40,-5,37,5,-6,26,#N/A N/A,5,-2,6,66,36,25,2,6,5,7,13,11,20,8,#N/A N/A
8/31/2000,101.7,19,2,-16,2,24,10,18,1,49,34,18,29,20,35,-4,33,4,-6,22,#N/A N/A,5,0,9,63,32,25,2,6,6,6,9,10,23,8,#N/A N/A
9/30/2000,101.1,18,-3,-14,3,23,13,22,3,48,32,18,32,19,38,-5,39,5,-7,19,#N/A N/A,4,-2,6,62,36,23,2,9,4,7,10,11,23,9,#N/A N/A
10/31/2000,99.3,16,-5,-14,6,19,14,25,4,51,32,14,32,21,38,-4,37,4,-7,20,#N/A N/A,3,-4,2,67,34,26,3,7,4,6,12,10,22,7,#N/A N/A
11/30/2000,99.4,14,-5,-12,8,16,13,27,3,49,36,12,33,20,34,-7,36,5,-7,17,#N/A N/A,3,-3,4,68,34,23,3,7,4,9,12,10,19,10,#N/A N/A
12/31/2000,96.7,13,-17,-15,-2,13,12,19,2,46,32,13,32,20,33,-4,34,5,-7,17,#N/A N/A,2,-5,-3,70,33,19,3,11,4,7,11,10,23,10,#N/A N/A
1/31/2001,96.4,12,-11,-24,-4,9,10,23,1,43,31,15,30,20,38,-5,37,6,-6,13,#N/A N/A,0,-3,2,67,31,24,3,9,3,7,12,11,19,8,#N/A N/A
2/28/2001,98.5,12,0,-24,-7,12,8,21,0,44,32,13,28,18,35,-5,35,5,-4,-5,#N/A N/A,0,-3,4,65,37,22,3,12,4,6,12,11,19,8,#N/A N/A
3/31/2001,98.4,15,9,-24,-7,15,9,17,-5,45,26,14,28,21,33,-3,36,6,-5,-7,#N/A N/A,0,-7,3,63,31,25,4,15,3,6,10,8,17,8,#N/A N/A
4/30/2001,98.1,11,11,-20,-2,12,8,17,2,45,26,12,27,17,35,-3,35,6,-6,-15,#N/A N/A,-2,-5,2,64,32,27,3,12,3,6,13,9,15,9,#N/A N/A
5/31/2001,99.1,14,17,-22,-6,20,11,20,-4,42,26,11,26,18,39,-4,39,5,-6,-17,#N/A N/A,-3,-7,2,67,31,24,4,12,4,6,10,10,17,11,#N/A N/A
6/30/2001,97.6,11,11,-27,-14,11,8,19,-4,46,27,10,24,16,37,-3,38,5,-4,-21,#N/A N/A,-2,-4,3,62,31,23,4,9,4,6,13,11,15,11,#N/A N/A
7/31/2001,98.8,12,22,-23,-2,15,5,17,-1,47,25,13,24,15,37,-4,37,5,-5,-21,#N/A N/A,-4,-5,0,60,29,21,2,14,3,6,11,10,16,12,#N/A N/A
8/31/2001,101.3,13,24,-14,-2,19,7,16,-3,46,29,16,25,17,36,-3,35,5,-4,-19,#N/A N/A,-2,-5,3,60,30,20,3,13,2,7,12,9,17,15,#N/A N/A
9/30/2001,96.2,9,14,-22,-3,2,4,14,-3,44,25,10,22,13,37,-7,35,7,-8,-18,#N/A N/A,-6,-6,0,62,30,23,3,14,3,5,9,13,19,11,#N/A N/A
10/31/2001,96.2,11,22,-21,-5,-2,1,12,-2,42,21,7,23,13,36,-3,35,5,-6,-22,#N/A N/A,-4,-7,0,63,28,21,2,16,2,6,11,10,15,14,#N/A N/A
11/30/2001,99.1,13,27,-20,-4,6,-3,12,-3,37,19,11,21,13,41,-1,37,6,-2,-26,#N/A N/A,-7,-3,6,67,29,20,2,17,2,6,11,9,18,13,#N/A N/A
12/31/2001,100.3,16,42,-24,-8,15,-4,13,-5,41,20,7,21,11,36,-2,35,6,-4,-23,#N/A N/A,-4,-6,3,59,30,20,1,18,2,4,12,14,13,12,#N/A N/A
1/31/2002,100.6,14,37,-24,-10,19,-2,15,-5,35,19,11,23,15,34,-3,35,5,-4,-20,#N/A N/A,-5,-4,7,61,28,24,2,17,2,6,11,10,11,15,#N/A N/A
2/28/2002,100.4,11,41,-27,-17,22,-2,13,-2,36,20,7,17,13,39,-3,40,4,-6,-18,#N/A N/A,-5,-4,5,65,31,22,3,14,2,5,11,14,12,13,#N/A N/A
3/31/2002,104.2,20,53,-21,-8,25,1,17,0,38,20,12,20,14,37,-5,34,7,-7,-13,#N/A N/A,-3,2,6,63,32,19,2,17,3,5,10,11,11,19,#N/A N/A
4/30/2002,101.8,15,38,-21,-3,24,1,17,-2,38,21,12,21,14,35,-6,37,7,-8,-8,#N/A N/A,-7,-3,7,62,31,20,2,14,3,5,13,11,12,16,#N/A N/A
5/31/2002,101.9,14,37,-24,-8,31,0,19,-1,36,19,13,22,15,33,-5,35,5,-5,-9,#N/A N/A,-7,-5,4,60,32,23,1,15,2,6,11,9,12,18,#N/A N/A
6/30/2002,102.6,16,34,-18,2,23,3,21,-1,40,22,13,22,16,37,-4,34,5,-5,-6,#N/A N/A,-2,-1,9,62,30,21,2,14,2,7,11,8,12,20,#N/A N/A
7/31/2002,99.8,12,31,-26,-11,21,1,17,-4,40,22,10,19,12,33,-4,34,7,-6,-8,#N/A N/A,-6,-2,2,60,30,20,2,15,4,6,10,10,12,18,#N/A N/A
8/31/2002,101.3,15,39,-21,-5,20,2,17,-1,39,19,12,20,15,28,-3,31,6,-4,-8,#N/A N/A,-6,-3,7,57,27,22,2,16,2,5,9,9,10,19,#N/A N/A
9/30/2002,101,14,35,-19,-2,22,3,18,-2,38,16,7,17,15,35,-2,37,3,-5,-11,#N/A N/A,-2,-2,6,59,32,21,2,19,2,3,9,11,10,21,#N/A N/A
10/31/2002,100.3,13,29,-18,-6,18,5,17,-2,36,19,11,20,15,37,-3,35,6,-6,-13,#N/A N/A,-2,-4,5,61,31,21,2,16,2,5,11,12,10,19,#N/A N/A
11/30/2002,101.6,16,39,-19,-4,17,3,18,-3,38,22,9,19,13,40,0,36,4,-4,-14,#N/A N/A,-4,-4,8,61,30,20,2,16,2,4,12,10,11,19,#N/A N/A
12/31/2002,98.5,13,27,-28,-11,14,1,17,-2,34,16,12,19,12,35,-5,37,6,-7,-16,#N/A N/A,-9,-2,4,62,30,20,1,17,3,5,10,8,8,23,#N/A N/A
1/31/2003,99,14,23,-23,-8,18,1,17,-3,34,19,7,19,13,35,-4,36,6,-6,-12,#N/A N/A,-3,-3,6,63,30,19,2,18,3,5,10,11,8,23,#N/A N/A
2/28/2003,96.2,11,15,-31,-9,12,2,21,-2,37,20,6,17,9,36,-6,37,6,-6,-9,#N/A N/A,-3,-4,3,59,28,19,4,19,2,5,11,9,9,20,#N/A N/A
3/31/2003,95.3,8,12,-23,-7,5,-1,15,-2,33,18,3,16,14,35,-5,35,6,-7,-10,#N/A N/A,-7,1,2,55,25,17,4,16,2,4,11,12,8,21,#N/A N/A
4/30/2003,99.6,12,37,-23,-10,18,-1,14,-2,32,17,8,17,13,34,-2,35,6,-4,-13,#N/A N/A,-5,-4,2,58,29,18,2,19,2,4,11,9,8,24,#N/A N/A
5/31/2003,99.7,11,38,-26,-11,18,1,15,-5,34,16,9,20,10,36,-3,35,6,-6,-9,#N/A N/A,-8,-1,5,60,28,20,2,19,2,4,9,10,8,23,#N/A N/A
6/30/2003,102.2,16,49,-21,-10,25,-2,16,-2,35,17,10,16,12,36,-5,35,5,-6,-11,#N/A N/A,-6,-5,5,58,29,17,2,18,2,5,9,7,10,28,#N/A N/A
7/31/2003,100.9,16,39,-18,-4,21,0,13,-5,36,15,12,15,10,35,-3,37,6,-4,-17,#N/A N/A,-4,-4,1,57,28,18,2,18,2,5,11,9,8,25,#N/A N/A
8/31/2003,104.5,19,41,-14,2,30,5,19,2,39,20,12,17,13,37,-3,38,6,-5,-10,#N/A N/A,-2,2,7,60,34,18,1,18,2,6,10,8,10,24,#N/A N/A
9/30/2003,101.9,17,41,-17,-1,22,4,17,1,39,19,10,17,10,36,-3,37,6,-5,-6,#N/A N/A,-2,-2,3,62,28,19,2,15,1,5,10,10,12,24,#N/A N/A
10/31/2003,104,19,45,-16,4,30,7,19,1,36,18,13,20,12,38,-3,36,6,-6,-5,#N/A N/A,-4,0,6,60,29,18,2,15,2,6,11,12,7,25,#N/A N/A
11/30/2003,105,24,48,-9,5,31,8,20,0,34,19,12,18,13,35,-5,32,6,-7,-3,#N/A N/A,-2,0,4,60,29,18,1,16,1,5,11,9,8,28,#N/A N/A
12/31/2003,106.9,23,49,-12,5,34,9,20,2,39,20,20,20,13,31,-3,32,5,-5,-2,#N/A N/A,-4,-5,10,63,37,18,1,13,2,6,11,10,9,28,#N/A N/A
1/31/2004,105.7,25,41,-11,6,35,10,20,0,33,19,16,21,13,36,-2,36,6,-5,-1,#N/A N/A,1,-2,7,65,33,17,2,13,2,6,12,12,9,24,#N/A N/A
2/29/2004,102.8,19,36,-14,1,26,16,24,-1,37,20,13,20,11,35,-3,36,8,-6,0,#N/A N/A,-2,1,3,62,29,16,2,13,1,5,11,11,9,29,#N/A N/A
3/31/2004,103.1,19,27,-19,0,30,19,23,1,39,22,15,20,13,40,-3,38,6,-4,0,#N/A N/A,0,2,5,63,33,15,3,17,2,6,11,8,8,26,#N/A N/A
4/30/2004,105,25,35,-10,11,29,21,26,5,35,21,14,22,15,36,-2,37,6,-4,-1,#N/A N/A,2,0,8,66,33,18,4,13,1,5,11,10,9,26,#N/A N/A
5/31/2004,104.1,22,28,-8,9,30,23,30,5,40,22,14,23,14,35,-3,34,5,-5,3,#N/A N/A,4,-1,6,64,32,19,6,12,2,6,10,9,10,24,#N/A N/A
6/30/2004,103.5,22,27,-11,11,27,26,28,4,37,20,14,23,12,33,-4,34,5,-6,0,#N/A N/A,-1,1,10,59,29,17,5,12,2,3,12,12,9,25,#N/A N/A
7/31/2004,106.2,25,38,-5,11,36,18,25,5,39,23,15,22,16,35,-4,37,5,-6,8,#N/A N/A,6,-1,5,64,34,19,3,12,2,4,10,10,10,26,#N/A N/A
8/31/2004,102.7,20,31,-15,6,26,21,27,1,42,21,17,21,15,35,-4,35,7,-6,11,#N/A N/A,0,-2,4,61,31,19,3,11,3,6,10,9,10,28,#N/A N/A
9/30/2004,104.4,22,34,-10,8,24,19,25,4,36,20,14,25,14,33,-3,36,5,-3,10,#N/A N/A,2,-1,10,64,34,17,4,11,2,5,10,10,9,28,#N/A N/A
10/31/2004,103.9,20,28,-9,8,24,19,30,3,42,23,15,22,16,35,-3,35,5,-5,12,#N/A N/A,1,-1,7,64,35,17,5,12,3,5,8,9,9,27,#N/A N/A
11/30/2004,107.4,29,44,-7,10,35,19,29,7,39,22,19,24,15,33,-3,36,3,-4,16,#N/A N/A,4,-2,11,64,30,17,5,9,2,5,10,10,11,25,#N/A N/A
12/31/2004,106.1,27,37,-7,11,34,18,30,8,41,23,17,27,21,38,-5,39,4,-7,19,#N/A N/A,6,-2,3,64,37,14,5,10,1,6,10,11,10,29,#N/A N/A
1/31/2005,103.5,23,25,-10,8,29,20,28,4,36,21,14,25,18,36,-4,38,4,-4,19,#N/A N/A,3,-3,6,65,33,17,3,11,2,5,9,10,10,27,#N/A N/A
2/28/2005,103.8,24,23,-10,7,31,22,26,2,38,24,16,29,15,35,-3,39,4,-3,22,#N/A N/A,4,-3,3,63,32,15,3,9,1,5,10,11,10,27,#N/A N/A
3/31/2005,103,20,21,-9,12,27,25,27,7,41,24,12,25,18,37,-3,39,5,-6,22,#N/A N/A,6,-1,6,63,34,18,5,9,3,5,9,8,11,27,#N/A N/A
4/30/2005,99.5,19,6,-16,0,22,22,28,4,39,23,11,26,17,39,-5,38,6,-6,23,#N/A N/A,1,-3,3,63,31,18,7,10,2,5,9,10,10,24,#N/A N/A
5/31/2005,100.4,18,4,-11,4,25,21,29,3,41,23,16,22,20,40,-5,41,4,-8,23,#N/A N/A,4,-4,4,64,33,19,5,9,2,4,8,9,10,27,#N/A N/A
6/30/2005,101.3,23,17,-13,4,20,22,28,6,39,20,13,24,16,39,-3,39,5,-7,21,#N/A N/A,2,-1,3,61,34,22,4,9,2,5,13,8,9,22,#N/A N/A
7/31/2005,101.4,20,13,-9,9,25,18,24,5,41,21,14,25,16,34,-4,34,5,-5,20,#N/A N/A,3,-2,3,61,31,21,4,10,3,5,10,8,9,24,#N/A N/A
8/31/2005,100.7,22,6,-15,5,27,18,27,3,41,23,15,25,16,40,-5,36,4,-8,22,#N/A N/A,-1,-1,3,61,33,15,6,10,1,6,10,10,12,25,#N/A N/A
9/30/2005,100,18,1,-14,5,18,25,28,-1,39,23,17,27,19,36,-3,34,4,-6,20,#N/A N/A,-4,1,4,65,33,19,8,11,2,6,9,8,10,20,#N/A N/A
10/31/2005,103.7,22,12,-6,15,40,21,24,11,41,21,17,27,15,34,-4,34,5,-5,21,#N/A N/A,4,-2,6,61,30,21,4,10,3,5,10,8,9,24,#N/A N/A
11/30/2005,100.9,20,8,-16,5,23,27,34,4,46,25,13,22,15,38,-6,39,4,-8,26,#N/A N/A,1,0,7,64,34,15,7,10,3,4,8,9,12,23,#N/A N/A
12/31/2005,101.3,20,12,-14,8,20,21,27,0,42,22,15,25,16,34,-3,35,5,-5,23,#N/A N/A,3,-2,10,63,32,20,5,10,3,6,11,10,9,21,#N/A N/A
1/31/2006,100.9,20,6,-14,3,22,21,29,1,40,26,16,25,17,37,-5,36,6,-6,26,#N/A N/A,3,-1,6,62,31,19,5,9,4,5,10,9,13,20,#N/A N/A
2/28/2006,101.6,20,6,-14,8,27,26,26,3,40,26,16,24,20,38,-5,37,6,-7,32,#N/A N/A,0,-3,8,63,34,20,6,8,4,5,13,10,7,22,#N/A N/A
3/31/2006,98.5,20,0,-11,5,13,17,26,1,39,23,11,22,16,36,-6,34,6,-7,28,#N/A N/A,5,-2,3,62,29,16,3,8,3,7,11,10,11,23,#N/A N/A
4/30/2006,99.7,19,-2,-14,4,20,25,28,2,41,31,16,27,19,40,-4,38,5,-8,31,#N/A N/A,1,-2,1,62,32,18,7,9,3,5,10,8,13,23,#N/A N/A
5/31/2006,98.1,18,-11,-12,9,20,23,30,-1,46,25,15,24,15,38,-5,38,5,-8,28,#N/A N/A,-1,-2,2,62,28,18,7,9,4,6,8,8,12,23,#N/A N/A
6/30/2006,97.2,14,-7,-11,6,14,20,29,0,45,25,9,22,15,41,-5,39,5,-8,31,#N/A N/A,0,-1,1,60,28,17,6,12,5,6,10,7,12,18,#N/A N/A
7/31/2006,98.4,16,-5,-16,3,19,21,30,0,42,24,15,24,17,38,-6,38,4,-7,30,#N/A N/A,2,-2,1,61,33,17,5,10,6,5,10,9,11,20,#N/A N/A
8/31/2006,95.7,14,-10,-20,1,11,22,29,1,46,24,15,25,15,46,-8,44,4,-9,33,#N/A N/A,2,-6,0,62,30,15,8,11,4,6,11,6,12,19,#N/A N/A
9/30/2006,99.4,17,0,-8,5,18,20,23,-4,44,25,17,28,16,35,-3,34,4,-5,22,#N/A N/A,1,-6,-1,63,32,15,5,11,3,5,10,8,14,21,#N/A N/A
10/31/2006,100.7,20,9,-16,3,19,15,22,2,46,27,16,24,18,37,-6,36,7,-6,21,#N/A N/A,0,-3,4,62,32,18,4,10,4,4,12,9,15,18,#N/A N/A
11/30/2006,99.5,17,8,-18,1,21,18,23,0,44,23,19,26,19,38,-6,33,6,-5,22,#N/A N/A,-1,-5,-1,63,31,16,3,14,3,6,12,9,12,20,#N/A N/A
12/31/2006,96.5,16,-5,-14,3,17,11,26,2,40,19,10,20,18,35,-6,36,5,-7,17,#N/A N/A,-2,-6,1,61,25,20,3,12,3,9,11,8,10,21,#N/A N/A
1/31/2007,98.7,17,-1,-19,-2,20,15,24,2,41,26,16,26,17,37,-5,36,5,-7,17,#N/A N/A,1,-2,3,62,29,24,3,10,5,5,10,8,14,19,#N/A N/A
2/28/2007,98.3,18,1,-18,1,16,16,22,3,41,25,13,30,19,39,-5,40,5,-8,21,#N/A N/A,4,-3,4,61,29,25,3,10,4,5,10,10,12,18,#N/A N/A
3/31/2007,97.8,13,-2,-14,0,15,15,22,-3,43,26,14,28,19,35,-7,35,5,-8,18,#N/A N/A,1,-7,3,61,31,22,4,11,3,5,12,8,12,20,#N/A N/A
4/30/2007,96.4,13,-7,-20,2,13,17,24,0,43,26,13,26,18,37,-5,38,4,-7,15,#N/A N/A,-2,-4,2,60,28,25,4,11,3,6,10,8,12,18,#N/A N/A
5/31/2007,96.8,12,-4,-17,-1,16,14,23,0,42,24,14,29,16,38,-6,39,6,-6,15,#N/A N/A,3,-7,-1,60,29,27,5,11,3,6,11,9,12,16,#N/A N/A
6/30/2007,96.4,14,-4,-18,-4,12,16,21,2,45,26,12,26,16,35,-5,36,4,-6,13,#N/A N/A,-5,-7,-3,55,29,23,4,13,3,5,10,8,13,18,#N/A N/A
7/31/2007,97.9,16,0,-17,-1,15,17,23,-1,43,23,13,27,16,36,-5,37,5,-6,12,#N/A N/A,-1,-2,2,58,29,19,5,11,3,6,10,9,13,17,#N/A N/A
8/31/2007,96.2,13,-2,-23,-5,14,13,22,0,44,24,13,24,13,35,-7,35,4,-9,13,#N/A N/A,-4,-2,-3,58,29,17,6,14,3,6,11,9,14,18,#N/A N/A
9/30/2007,97.2,13,0,-20,-4,15,9,22,-2,48,25,14,27,19,36,-9,37,5,-10,15,#N/A N/A,-2,-3,0,60,31,19,4,11,3,6,9,9,17,15,#N/A N/A
10/31/2007,96.1,14,-4,-20,-3,15,14,23,0,46,22,11,26,17,36,-6,36,6,-8,5,#N/A N/A,-1,-7,1,61,28,18,5,13,3,6,12,8,14,16,#N/A N/A
11/30/2007,94.2,13,-13,-25,-2,8,15,27,0,40,20,11,22,14,32,-7,32,4,-8,4,#N/A N/A,-7,-2,1,56,27,19,7,15,3,6,10,7,13,15,#N/A N/A
12/31/2007,94.5,13,-11,-19,1,5,19,26,0,37,21,11,23,15,34,-7,32,7,-10,3,#N/A N/A,-2,-2,-3,62,29,21,7,9,4,4,10,8,14,16,#N/A N/A
1/31/2008,91.6,9,-22,-25,-6,2,11,26,0,37,24,8,25,13,36,-7,34,5,-9,0,#N/A N/A,-4,-4,-3,58,24,19,8,15,4,5,10,8,11,14,#N/A N/A
2/29/2008,93,8,-6,-24,-6,-1,16,21,-4,36,20,11,23,12,34,-5,35,4,-8,-9,#N/A N/A,-3,-5,-2,58,25,20,8,13,3,5,8,9,12,14,8
3/31/2008,90.1,6,-18,-32,-11,-2,18,29,-4,36,19,5,24,15,33,-7,32,6,-9,-6,#N/A N/A,-8,-3,-2,57,23,21,12,16,2,4,9,8,8,13,7
4/30/2008,91.2,7,-11,-29,-11,-4,19,31,-3,37,21,5,20,14,36,-9,34,5,-11,-13,#N/A N/A,-10,-2,-2,56,25,17,14,17,3,5,9,7,9,13,6
5/31/2008,88.9,4,-13,-30,-13,-12,21,32,-8,33,15,3,15,8,35,-8,34,7,-10,-15,#N/A N/A,-11,-4,-5,54,25,18,17,17,3,4,9,6,8,12,6
6/30/2008,89.7,5,-18,-33,-12,-10,26,36,-10,39,21,5,20,13,35,-7,35,5,-10,-10,#N/A N/A,-11,-1,-5,52,27,17,20,15,2,5,9,6,10,9,7
7/31/2008,88.5,6,-16,-37,-15,-9,30,38,-7,36,17,5,18,12,34,-9,32,7,-12,-4,#N/A N/A,-13,-4,-4,52,23,17,20,16,3,5,8,6,10,11,4
8/31/2008,91,7,3,-31,-11,-6,26,30,-8,35,14,7,18,10,34,-10,35,6,-11,-3,#N/A N/A,-14,-3,-8,54,25,17,18,18,2,4,8,6,9,13,5
9/30/2008,92.8,10,12,-35,-11,-1,20,25,-11,38,18,7,17,10,32,-11,33,6,-13,-3,#N/A N/A,-12,-1,-3,52,23,17,16,20,3,4,8,6,9,10,7
10/31/2008,87.4,5,-6,-37,-20,-14,14,19,-11,35,14,0,16,9,33,-9,31,6,-16,1,#N/A N/A,-13,-4,-5,54,20,18,11,23,5,4,9,6,8,11,5
11/30/2008,87.5,7,-5,-38,-24,-14,1,12,-10,31,15,-4,14,9,31,-11,31,7,-13,-6,#N/A N/A,-18,-3,-7,56,21,17,16,20,3,4,8,6,9,10,7
12/31/2008,85.1,6,-14,-41,-29,-19,-3,3,-20,30,14,-6,8,5,33,-12,32,6,-15,-6,#N/A N/A,-20,-6,-4,51,16,20,7,27,3,4,8,6,7,10,7
1/31/2009,83.9,6,-12,-45,-30,-22,-12,2,-15,23,11,-7,7,4,35,-13,33,8,-14,-12,#N/A N/A,-18,-6,-9,51,18,19,6,28,4,5,11,6,6,9,6
2/28/2009,82.7,3,-18,-43,-26,-30,-21,0,-16,22,11,-3,1,3,36,-13,32,8,-16,-9,#N/A N/A,-20,-6,-10,52,17,19,6,33,3,4,10,6,4,8,7
3/31/2009,81.6,2,-17,-45,-34,-30,-23,0,-19,24,10,-8,0,-1,33,-12,29,10,-14,-2,#N/A N/A,-24,-6,-13,50,14,22,6,31,4,4,12,5,3,7,6
4/30/2009,86.5,5,3,-44,-30,-12,-25,1,-21,24,9,-5,0,2,33,-14,30,8,-12,-3,#N/A N/A,-27,-6,-8,46,18,22,4,32,4,3,11,6,4,8,6
5/31/2009,88.4,5,11,-45,-35,-6,-24,3,-22,25,9,-4,-1,1,34,-16,28,9,-15,0,#N/A N/A,-26,-3,-4,46,20,19,3,30,5,4,13,6,4,8,8
6/30/2009,88.3,5,8,-42,-34,-9,-20,5,-21,27,11,-1,-2,4,30,-14,30,10,-13,1,#N/A N/A,-27,-5,-6,46,18,19,5,32,6,6,10,6,6,7,3
7/31/2009,86.8,5,-2,-45,-34,-11,-21,5,-19,26,9,-3,1,4,33,-15,28,10,-14,3,#N/A N/A,-26,-4,-5,46,20,22,3,32,4,4,12,5,4,9,5
8/31/2009,88.4,6,9,-41,-28,-5,-20,8,-20,23,7,-2,1,2,32,-14,30,7,-13,2,#N/A N/A,-25,-4,-6,45,18,18,5,32,4,5,11,8,4,9,4
9/30/2009,88.7,8,6,-40,-26,-5,-21,7,-17,25,8,-4,3,3,33,-14,30,10,-15,5,#N/A N/A,-24,0,-6,44,20,24,4,32,4,4,11,6,3,8,4
10/31/2009,89.1,7,9,-42,-30,-2,-18,6,-14,25,8,-1,1,5,33,-14,29,9,-16,4,#N/A N/A,-26,-3,-3,45,18,22,2,33,4,4,11,6,4,8,6
11/30/2009,88,8,0,-43,-30,-2,-16,5,-12,28,9,-3,1,0,33,-15,29,10,-15,8,#N/A N/A,-26,-1,-4,44,16,24,4,32,4,4,11,6,3,8,4
12/31/2009,88,6,2,-42,-25,-2,-19,3,-14,21,10,-2,2,2,33,-15,28,8,-15,5,#N/A N/A,-27,-3,-8,44,17,20,2,34,4,3,13,6,4,7,7
1/31/2010,89.1,5,1,-40,-25,1,-15,8,-10,24,10,-2,1,2,32,-14,27,11,-13,6,#N/A N/A,-21,-1,-3,47,19,22,3,31,5,4,13,7,3,8,4
2/28/2010,88.2,4,-6,-38,-24,-1,-18,9,-10,26,11,-1,-2,6,34,-12,29,9,-14,6,#N/A N/A,-19,-2,-7,47,19,23,3,34,3,3,12,6,4,7,5
3/31/2010,87.3,3,-3,-42,-25,-2,-20,9,-7,23,9,0,0,3,35,-15,29,11,-16,8,#N/A N/A,-19,-3,-7,45,17,19,5,34,5,3,11,5,2,9,7
4/30/2010,90.2,5,1,-32,-17,5,-12,13,-8,26,11,-1,3,5,31,-14,28,9,-15,4,#N/A N/A,-18,0,-3,46,18,22,4,29,4,4,15,6,4,7,5
5/31/2010,91.8,5,7,-30,-13,5,-17,14,-10,26,9,2,2,4,32,-13,28,8,-12,4,#N/A N/A,-19,-1,1,46,20,22,4,30,3,4,13,6,4,9,5
6/30/2010,89.5,7,-5,-32,-15,-4,-16,11,-8,25,9,1,4,4,29,-13,25,10,-13,1,#N/A N/A,-21,-1,-3,46,20,20,4,30,6,3,15,6,4,6,6
7/31/2010,88.4,5,-14,-33,-16,-4,-13,10,-7,28,10,2,3,5,32,-13,27,9,-14,2,#N/A N/A,-18,0,-4,45,20,22,4,29,4,4,15,6,4,7,5
8/31/2010,88.6,5,-10,-31,-17,1,-9,10,-6,32,10,-1,3,5,31,-12,27,9,-14,2,#N/A N/A,-16,-1,-6,44,18,21,3,31,4,4,15,5,5,8,4
9/30/2010,89,5,-5,-33,-17,-2,-11,8,-4,30,11,-3,3,3,33,-14,27,9,-14,1,#N/A N/A,-14,-2,-3,45,21,23,4,30,3,3,16,6,4,6,5
10/31/2010,91.6,7,6,-28,-12,3,-6,13,-8,28,10,1,5,5,31,-11,26,9,-12,2,#N/A N/A,-16,1,-4,47,19,20,4,30,3,3,17,7,3,8,5
11/30/2010,93,9,13,-30,-14,6,-3,14,-3,27,10,4,9,4,28,-11,25,9,-10,0,#N/A N/A,-16,-2,-1,51,20,22,4,30,4,3,15,7,4,8,3
12/31/2010,92.5,7,9,-33,-16,7,-2,15,-4,28,13,6,7,4,30,-12,28,9,-11,3,#N/A N/A,-12,-2,-3,47,20,19,4,33,5,3,13,5,4,9,5
1/31/2011,93.9,8,10,-26,-10,11,-1,19,-4,28,13,2,10,6,32,-10,28,8,-10,3,#N/A N/A,-10,0,0,51,21,19,5,27,3,4,17,7,5,8,5
2/28/2011,94.7,7,12,-26,-9,13,8,20,-3,30,15,5,8,7,31,-11,29,8,-10,6,#N/A N/A,-9,2,-2,49,21,17,5,28,4,3,19,5,7,8,4
3/31/2011,92.4,6,0,-31,-12,7,9,24,-1,29,15,4,7,9,27,-8,28,7,-9,4,#N/A N/A,-8,-3,1,51,22,17,8,25,4,4,17,6,6,7,6
4/30/2011,90.9,5,-7,-27,-7,4,11,23,-2,32,14,2,9,7,32,-9,28,8,-13,4,#N/A N/A,-9,0,-2,50,20,19,8,25,3,4,17,7,4,8,5
5/31/2011,90.5,5,-6,-26,-11,3,13,23,-1,30,12,0,9,7,29,-10,28,8,-11,3,#N/A N/A,-12,-2,-4,50,20,20,10,25,3,4,15,7,5,7,4
6/30/2011,91.2,5,-10,-24,-7,1,7,15,-5,33,15,3,8,8,29,-9,25,9,-10,1,#N/A N/A,-14,-1,-3,50,22,20,7,24,3,3,15,8,5,7,8
7/31/2011,90.2,6,-14,-24,-8,-2,5,19,-4,31,12,2,10,6,30,-10,28,8,-11,0,#N/A N/A,-12,0,-3,50,22,20,9,23,4,4,16,7,5,7,5
8/31/2011,87.9,6,-28,-27,-10,-12,1,16,-6,33,14,3,9,6,32,-13,28,7,-13,0,#N/A N/A,-10,1,-4,52,23,18,6,25,4,3,19,5,4,8,8
9/30/2011,88.9,5,-24,-27,-10,-5,6,15,-5,34,14,4,8,7,32,-10,29,8,-12,1,#N/A N/A,-11,-1,-2,50,22,16,8,28,3,3,18,7,6,7,4
10/31/2011,90.2,7,-18,-28,-11,-2,-2,15,-2,31,14,3,8,8,30,-11,28,9,-11,-1,#N/A N/A,-10,0,0,52,22,18,6,26,4,4,19,6,6,7,4
11/30/2011,91.8,8,-15,-28,-10,4,1,16,1,35,17,7,11,8,36,-10,30,7,-10,1,#N/A N/A,-11,0,-1,53,24,19,6,25,3,4,19,7,5,8,4
12/31/2011,93.7,9,-9,-21,-7,8,3,14,-1,34,15,6,9,6,31,-8,29,7,-9,-1,#N/A N/A,-9,2,3,56,23,21,5,23,4,3,20,8,5,7,4
1/31/2012,93.7,9,-3,-22,-5,8,2,17,0,31,18,4,12,7,32,-8,30,7,-9,1,#N/A N/A,-7,1,-2,55,23,18,6,22,4,4,20,8,6,9,3
2/29/2012,94.5,8,-3,-18,-5,11,4,18,-3,32,17,4,14,12,33,-8,31,7,-10,1,#N/A N/A,-1,2,3,57,22,21,9,22,4,3,21,5,5,7,3
3/31/2012,93.1,8,-3,-22,1,9,6,21,0,32,15,2,14,9,30,-11,27,8,-11,2,#N/A N/A,-10,2,0,52,20,20,9,22,3,4,19,7,6,6,4
4/30/2012,94.2,8,-4,-13,2,5,7,22,0,34,17,5,14,9,31,-7,31,8,-8,-1,#N/A N/A,-8,-1,-1,54,24,18,9,19,3,4,20,7,6,8,6
5/31/2012,94,7,-3,-17,0,2,1,17,-3,37,20,7,16,9,30,-9,29,9,-10,-1,#N/A N/A,-7,-1,1,55,24,22,7,20,3,3,19,5,6,7,8
6/30/2012,91.9,6,-9,-22,-5,-2,0,16,-1,33,15,3,13,8,28,-7,29,7,-8,-4,#N/A N/A,-7,0,1,52,22,21,6,23,3,2,19,6,6,8,6
7/31/2012,91.5,5,-7,-27,-9,-4,6,17,-1,38,15,5,12,8,31,-7,30,7,-7,-3,#N/A N/A,-9,0,-1,54,23,21,6,20,3,4,21,7,7,6,5
8/31/2012,92.7,5,-4,-29,-14,2,9,17,-2,37,17,8,13,9,31,-7,31,7,-9,-3,#N/A N/A,-8,0,0,55,26,23,6,20,3,3,21,7,6,7,4
9/30/2012,92.7,6,0,-27,-13,2,6,20,-3,41,17,4,14,10,31,-6,32,8,-7,0,#N/A N/A,-8,-1,-1,51,23,21,5,21,2,4,21,7,6,7,6
10/31/2012,93,7,0,-28,-14,5,4,17,-1,38,16,4,12,9,30,-7,28,8,-8,0,#N/A N/A,-8,0,-1,54,23,20,6,22,3,3,19,7,5,8,7
11/30/2012,87.2,6,-38,-32,-14,-5,1,17,-2,36,18,5,8,3,30,-9,28,6,-10,2,#N/A N/A,-11,-1,-6,53,19,23,6,23,3,4,18,5,6,7,5
12/31/2012,88,7,-36,-28,-10,-3,3,16,-4,33,16,1,12,6,29,-9,29,6,-11,0,#N/A N/A,-9,2,-4,52,19,23,4,19,1,3,21,8,5,8,8
1/31/2013,88.8,6,-30,-24,-8,-3,5,21,2,34,18,2,13,8,31,-7,31,6,-9,-1,5.5,-7,-1,-6,55,20,21,5,19,3,3,21,6,5,8,9
2/28/2013,90.9,5,-25,-25,-7,0,5,22,-3,34,21,4,14,8,29,-7,29,7,-8,0,5.3,-10,1,-1,56,24,21,6,18,2,4,21,8,5,8,7
3/31/2013,90,5,-23,-22,-7,-3,-1,17,1,36,18,2,16,9,30,-4,29,7,-6,0,5.4,-7,-3,-5,57,23,23,7,17,3,6,21,6,5,8,4
4/30/2013,91.7,5,-14,-24,-6,3,2,17,2,38,18,6,15,9,31,-7,31,6,-8,0,5.6,-6,-3,-1,56,22,23,5,16,2,4,21,8,7,8,6
5/31/2013,94,8,-6,-24,-6,8,0,15,-1,38,19,6,16,9,29,-5,28,5,-6,0,5.7,-6,1,2,57,23,24,4,16,2,4,23,8,6,9,4
6/30/2013,94,8,-3,-23,-8,6,5,18,1,41,19,7,14,7,29,-6,29,5,-7,0,5.2,-7,-2,-1,56,24,20,5,18,2,4,20,8,6,9,8
7/31/2013,94.4,9,-5,-22,-7,8,2,15,-3,40,20,9,14,11,31,-6,30,5,-8,2,5.6,-9,-1,-1,54,25,21,5,16,3,5,21,6,7,8,8
8/31/2013,94,7,-4,-22,-7,6,2,18,0,42,18,8,15,11,28,-6,31,5,-8,3,5.4,-6,0,-1,53,26,23,7,17,3,6,21,6,5,8,4
9/30/2013,93.8,7,-12,-23,-6,9,1,20,0,41,20,9,17,13,30,-5,28,6,-7,4,5.8,-7,0,-2,55,27,18,5,17,2,4,24,5,10,8,7
10/31/2013,91.5,6,-19,-25,-7,4,4,19,1,40,21,5,17,10,28,-6,28,6,-8,2,5.4,-6,-5,-1,57,24,20,3,17,2,5,21,8,8,8,8
11/30/2013,92.2,9,-23,-24,-7,3,3,20,1,44,24,9,15,13,29,-6,32,4,-7,2,5.4,-8,-3,-1,55,24,21,4,15,2,5,22,8,8,11,4
12/31/2013,93.8,9,-12,-21,-8,7,2,19,2,38,23,8,18,14,30,-7,32,4,-7,3,5.6,-3,-4,-2,64,25,23,4,14,2,4,20,7,8,10,8
1/31/2014,94,8,-11,-25,-9,13,5,19,2,38,22,11,19,12,31,-6,31,5,-7,4,5.6,-4,-2,-2,59,23,24,3,14,2,4,22,8,8,8,7
2/28/2014,91.6,6,-16,-26,-6,2,4,22,2,40,22,7,19,14,30,-8,29,5,-7,3,5.4,-3,-5,-5,57,24,19,2,16,2,5,21,7,11,9,8
3/31/2014,94,9,-13,-23,-6,13,9,19,2,41,22,7,23,14,31,-8,30,5,-7,2,5.3,-7,-2,1,56,22,21,3,14,2,5,21,8,9,10,7
4/30/2014,94.8,9,-8,-21,-4,9,11,21,2,41,24,8,20,14,30,-5,30,5,-6,2,5.4,-6,-2,2,57,24,22,5,15,1,5,20,9,9,7,7
5/31/2014,96.2,10,-1,-19,-3,15,10,21,1,46,24,11,20,15,31,-6,30,5,-7,2,5.7,-3,-3,0,55,24,25,4,12,3,4,20,8,10,9,5
6/30/2014,95.4,8,-9,-18,-2,12,11,21,1,43,26,12,21,14,28,-6,27,6,-7,2,5.7,-4,-2,-1,54,23,22,4,13,3,4,20,8,11,9,6
7/31/2014,96,10,-5,-18,-3,11,12,22,1,42,24,13,21,14,30,-5,30,6,-5,1,5.4,-2,-3,0,55,25,22,4,13,2,5,22,9,10,8,5
8/31/2014,95.9,10,-5,-18,-3,7,6,19,0,46,25,8,22,14,29,-5,28,4,-5,2,5.3,-3,-2,2,58,29,24,4,13,2,4,19,7,11,8,8
9/30/2014,95.3,12,-4,-19,-4,6,4,17,3,42,21,9,18,15,31,-7,28,6,-7,3,5.4,-7,0,2,56,24,21,3,14,2,4,22,8,9,9,8
10/31/2014,96,11,-5,-22,-2,11,7,21,1,45,24,10,20,13,28,-4,29,4,-5,0,5.5,-1,-3,3,56,27,21,4,12,2,5,22,8,11,8,7
11/30/2014,97.8,11,10,-17,-3,14,5,20,1,45,25,11,22,14,33,-5,29,4,-6,0,5.6,1,-2,1,57,25,23,3,12,3,5,22,8,10,7,7
12/31/2014,100.3,15,12,-14,2,19,7,22,7,43,25,15,24,18,31,-3,32,4,-5,-1,5.1,1,-2,6,60,28,27,3,11,1,4,22,8,11,8,5
1/31/2015,97.7,13,0,-17,-2,14,6,19,5,42,26,13,25,13,33,-4,32,4,-5,2,5.3,2,-1,3,59,25,21,3,13,2,5,22,7,11,10,6
2/28/2015,98.1,13,2,-18,-4,14,3,18,4,47,29,12,20,14,30,-3,33,3,-4,0,5.1,1,-3,5,60,25,20,2,12,3,6,21,8,14,9,5
3/31/2015,95.7,11,-2,-21,-3,14,2,15,2,42,24,12,22,13,32,-5,35,5,-6,1,5.7,-5,-7,1,58,22,23,2,11,3,4,22,8,12,7,8
4/30/2015,96.5,11,-5,-17,-6,9,1,16,2,44,27,11,23,14,30,-4,31,4,-4,1,5,-1,-2,3,60,25,22,3,11,2,6,23,7,12,8,6
5/31/2015,97.9,14,-4,-9,5,7,4,17,4,47,29,13,25,14,29,-3,30,4,-4,1,4.8,-4,-1,3,54,25,23,3,11,2,6,23,7,13,7,5
6/30/2015,94.6,10,-8,-17,-6,5,2,18,0,44,24,9,21,12,31,-4,32,5,-4,2,5,0,-4,-4,58,24,23,4,10,1,5,20,8,12,8,9
7/31/2015,95.7,12,-3,-19,-6,7,3,17,0,48,25,12,23,15,30,-4,32,4,-5,1,5.2,2,-6,0,61,26,22,3,10,2,6,21,8,13,8,7
8/31/2015,95.7,11,-8,-16,-4,8,1,15,6,48,28,11,23,12,33,-4,33,3,-7,2,5.4,-2,-6,2,58,26,20,3,14,1,5,21,7,14,8,7
9/30/2015,96,11,-6,-13,-1,2,1,14,5,45,27,12,23,16,29,-4,30,2,-6,-1,4.8,0,-5,3,58,27,22,2,11,1,5,22,7,16,7,7
10/31/2015,96,13,-6,-18,-7,6,1,15,0,48,27,11,22,17,28,-3,30,3,-5,2,5.1,-2,-4,0,58,27,21,2,12,2,6,22,7,13,8,7
11/30/2015,94.5,12,-10,-19,-4,-1,4,18,0,47,28,11,24,19,27,-4,32,3,-4,0,4.7,-4,-5,-1,62,25,20,1,9,2,5,21,8,15,10,9
12/31/2015,95.2,8,-15,-17,-5,7,-1,20,-1,48,28,15,22,21,31,-5,32,4,-6,2,5,0,-4,1,62,25,22,2,11,2,5,20,7,15,9,7
1/31/2016,93.9,10,-21,-18,-7,3,-4,16,1,45,29,11,27,15,33,-5,35,3,-7,7,5.4,-2,-2,-1,61,25,21,2,12,2,5,18,9,15,8,8
2/29/2016,92.9,8,-21,-21,-6,0,-4,14,-3,42,28,10,22,12,31,-5,31,4,-7,6,5.3,-3,-2,-1,58,23,21,3,11,1,7,19,8,12,10,8
3/31/2016,92.6,6,-17,-22,-8,1,-4,17,0,41,25,9,22,16,32,-5,31,5,-6,6,5.2,-3,-5,-2,59,25,22,2,13,2,5,21,8,12,8,7
4/30/2016,93.6,8,-18,-19,-6,1,-1,16,-1,46,29,11,24,15,29,-5,31,4,-6,4,5.7,-5,-5,0,60,25,21,2,11,2,6,20,8,12,10,8
5/31/2016,93.8,9,-13,-20,-8,1,1,16,-1,48,27,12,26,15,29,-4,31,4,-6,4,5.3,-6,-4,-1,58,23,23,4,14,1,5,18,8,13,8,6
6/30/2016,94.5,8,-9,-20,-4,2,2,16,-2,48,29,11,22,14,29,-5,32,5,-6,4,5.7,-6,-4,-3,57,26,23,2,11,2,6,19,9,15,7,6
7/31/2016,94.6,8,-5,-21,-8,1,-2,14,-2,46,26,12,24,15,28,-4,30,3,-5,2,5.3,-5,-4,0,59,25,20,2,12,2,6,22,7,14,8,7
8/31/2016,94.4,9,-12,-23,-9,-1,3,15,-3,48,30,9,24,14,29,-4,29,4,-5,2,5.2,0,-2,1,57,28,21,2,11,2,9,20,7,15,8,5
9/30/2016,94.1,7,0,-20,-6,4,-1,18,3,48,24,10,22,14,32,-5,32,6,-7,3,6.2,-4,-7,-7,55,27,22,2,13,1,6,17,8,17,7,7
10/31/2016,94.9,9,-7,-21,-7,1,2,15,0,48,28,10,25,19,28,-4,29,4,-6,1,5.2,-3,-4,2,57,27,21,1,11,2,5,21,8,15,10,6
11/30/2016,98.4,11,12,-20,-8,11,5,19,-2,52,31,15,21,15,31,-4,30,4,-5,2,5.6,-3,-4,4,55,24,19,3,12,2,6,18,7,16,10,7
12/31/2016,105.8,23,50,-14,-7,31,6,24,4,44,29,16,26,20,30,-6,29,4,-6,4,5.5,3,-3,4,63,29,21,2,12,2,5,19,9,12,8,10
1/31/2017,105.9,25,48,-12,-2,29,5,21,3,47,31,18,30,18,30,-5,30,4,-5,11,5.7,11,-5,2,59,27,21,2,10,2,7,19,8,15,8,8
2/28/2017,105.3,22,47,-13,2,26,6,20,4,44,32,15,26,17,31,-4,31,3,-4,9,5.4,9,-2,3,62,26,22,1,12,2,5,15,9,17,10,7
3/31/2017,104.7,22,46,-9,5,18,5,20,2,45,30,16,28,18,30,-3,30,4,-3,9,5.4,9,-5,2,64,29,20,1,12,2,6,17,9,16,8,9
4/30/2017,104.5,24,38,-9,5,20,7,18,4,48,33,16,26,18,31,-4,31,3,-4,11,5.4,11,-3,3,59,27,21,2,10,2,6,17,9,16,9,8
5/31/2017,104.5,23,39,-10,5,22,7,21,5,51,34,18,28,18,28,-3,28,3,-3,11,5.9,11,-6,1,62,28,22,2,9,1,8,13,7,19,11,8
6/30/2017,103.6,21,33,-10,-4,17,1,19,-1,46,30,15,24,18,27,-3,27,4,-3,8,5.6,8,-3,4,57,30,22,1,10,1,7,19,8,15,9,8
7/31/2017,105.2,23,37,-10,0,22,8,23,2,52,35,19,27,16,30,-3,30,3,-3,11,5.9,11,-2,5,57,28,21,2,8,2,8,16,8,19,9,7
8/31/2017,105.3,27,37,-11,3,27,9,20,2,52,31,18,28,15,31,-3,31,3,-3,8,5.5,8,-5,2,60,32,20,1,9,2,7,16,8,19,11,7
9/30/2017,103,17,31,-11,1,15,6,19,-1,49,30,19,25,18,29,-6,29,2,-6,10,5.6,10,-3,7,59,27,21,2,11,1,5,16,9,19,7,9
10/31/2017,103.8,23,32,-14,1,21,8,22,3,52,35,18,27,21,30,-4,30,4,-4,8,6,8,-5,4,59,27,21,2,10,2,6,14,7,20,11,7
11/30/2017,107.5,27,48,-12,-5,34,10,23,2,44,30,24,27,17,30,-4,30,4,-4,9,5.7,9,-2,7,59,26,22,3,11,2,7,16,8,18,10,3
12/31/2017,104.9,27,37,-15,9,28,8,22,3,54,31,20,27,23,34,-3,34,3,-3,8,6.1,8,-2,-1,61,27,21,2,8,1,6,16,9,19,10,8
1/31/2018,106.9,32,41,-4,5,25,11,23,4,49,34,20,31,24,31,-3,31,3,-4,12,5.9,4,-5,3,61,29,19,1,9,2,6,16,9,22,10,6
2/28/2018,107.6,32,43,-3,8,28,13,24,4,47,34,18,31,22,31,-3,32,2,-3,13,5.7,7,-3,4,66,29,15,2,11,2,6,15,10,22,12,5
3/31/2018,104.7,28,32,-4,8,20,16,25,4,47,35,20,33,19,32,-4,31,4,-6,14,6.1,3,-6,1,58,26,13,1,11,2,8,14,11,21,9,10
4/30/2018,104.8,27,30,-1,8,21,14,22,7,50,35,16,33,21,31,-5,32,4,-6,16,6.4,4,-4,1,61,29,18,1,8,2,7,13,10,22,10,9
5/31/2018,107.8,34,37,3,15,31,19,26,7,48,33,18,35,20,34,-5,37,4,-5,16,6.4,4,-4,4,62,30,17,3,8,1,6,13,10,23,10,9
6/30/2018,107.2,29,33,-1,10,26,14,24,3,55,36,20,31,21,28,-2,30,3,-4,14,6.1,-2,0,6,59,29,16,2,8,2,7,14,9,21,11,10
7/31/2018,107.9,32,35,-1,8,29,16,24,6,52,37,23,32,22,32,-4,32,3,-4,17,6.3,4,-3,4,58,30,17,2,7,2,7,14,9,23,10,9
8/31/2018,108.8,34,34,1,10,26,17,24,5,55,38,26,32,21,32,-5,33,3,-6,17,6.1,4,-3,10,56,33,15,2,7,2,8,13,8,25,9,11
9/30/2018,107.9,33,33,-1,8,29,15,24,1,53,38,23,37,24,29,-3,27,3,-5,16,7.3,5,-1,3,60,30,17,3,5,3,8,14,10,22,10,8
10/31/2018,107.4,30,33,-3,8,28,16,28,5,53,38,22,34,23,32,-4,30,3,-5,17,6.4,4,-2,5,58,30,16,2,7,2,9,14,9,23,9,9
11/30/2018,104.8,29,22,-4,9,24,16,29,5,53,34,22,34,25,32,-5,32,3,-5,19,6.1,6,-5,2,61,29,19,1,8,2,7,13,8,25,10,7
12/31/2018,104.4,24,16,-7,4,23,17,25,5,54,39,23,35,24,35,-5,32,4,-6,24,6.4,3,-1,8,61,25,13,1,9,3,7,14,10,23,13,7
1/31/2019,101.2,20,6,-5,4,16,15,27,7,49,35,18,36,20,33,-4,33,3,-5,20,6.9,7,-3,1,60,26,15,2,9,2,8,12,9,23,9,11
2/28/2019,101.7,22,11,-9,-1,16,13,26,9,49,37,16,31,18,33,-6,34,3,-5,17,6.2,2,-2,1,58,27,15,2,9,2,10,14,10,22,8,8
3/31/2019,101.8,23,11,-8,5,19,12,24,12,54,39,18,33,20,34,-6,33,3,-7,17,6.1,5,-6,-1,60,27,15,2,10,1,8,15,9,21,9,10
4/30/2019,103.5,25,13,-3,9,20,13,21,7,49,38,20,34,20,31,-4,32,4,-4,13,6.7,2,-4,2,58,27,16,1,9,2,8,15,9,24,9,7
5/31/2019,105,30,16,-1,9,23,10,20,9,54,38,21,34,24,31,-4,34,3,-5,12,7.8,2,-4,2,64,30,16,2,8,2,8,12,10,25,10,7
6/30/2019,103.3,24,16,-7,7,17,17,23,5,50,36,19,28,21,28,-2,29,3,-3,10,6.8,0,0,3,54,26,18,2,7,2,10,13,9,21,10,8
7/31/2019,104.7,26,20,-5,7,22,16,22,3,56,39,21,32,17,28,-3,28,3,-4,16,6.4,2,-3,3,57,28,15,2,7,2,9,13,9,26,9,8
8/31/2019,103.1,26,12,-1,6,17,11,17,5,57,35,20,29,19,33,-1,31,4,-2,6,6.1,1,-6,2,59,28,14,1,9,2,9,14,8,27,9,7
9/30/2019,101.8,22,9,-3,2,16,8,15,4,50,35,17,29,18,30,-4,30,2,-4,3,6.7,0,-6,2,57,27,16,1,9,2,11,11,10,23,9,8
10/31/2019,102.4,23,10,-8,4,17,10,20,4,53,34,18,30,22,29,-4,29,3,-3,4,6.8,0,-4,5,59,29,15,2,8,1,10,13,10,25,9,9
11/30/2019,104.7,29,13,2,12,13,12,22,10,53,38,21,30,26,28,-3,28,3,-3,4,6.6,2,1,3,60,30,14,1,8,2,10,13,9,26,9,14
12/31/2019,102.7,25,16,-8,9,16,14,20,6,50,33,19,29,24,29,-3,29,3,-3,5,6.4,2,-4,3,63,28,17,1,6,2,7,15,11,23,10,8
1/31/2020,104.3,28,14,-3,7,23,15,24,9,49,37,19,36,24,31,-4,30,3,-4,3,6,6,-3,4,63,28,17,1,7,1,8,13,9,26,11,7
2/29/2020,104.5,26,22,-4,5,19,11,20,13,52,38,21,36,19,28,-1,32,2,-1,-3,5.4,6,-4,2,62,26,14,1,7,2,8,13,10,25,12,8
3/31/2020,96.4,13,5,-6,8,-12,6,12,8,47,35,9,31,16,26,-3,29,3,-4,5,5.8,0,-2,-3,60,21,15,2,9,2,7,13,10,24,10,8
4/30/2020,90.9,3,29,-20,-11,-42,-18,-3,-12,41,24,1,16,7,29,-4,29,5,-6,-11,5.8,-11,-7,-4,53,18,15,1,19,2,8,10,8,15,8,8
5/31/2020,94.4,5,34,-26,-19,-24,-14,9,-16,37,23,8,14,10,26,-2,33,3,-4,-13,4.6,-15,-5,2,52,20,15,2,18,2,6,14,10,17,8,8
6/30/2020,100.6,13,39,-35,-31,13,-5,12,-16,43,32,16,14,13,27,-3,34,3,-6,-9,4.5,-14,1,7,48,22,19,1,17,1,8,14,8,19,8,8
7/31/2020,98.8,11,25,-32,-28,5,-2,13,-11,44,30,18,15,14,26,-2,35,3,-5,-9,4.1,-11,1,4,49,26,18,2,13,1,8,14,8,21,7,8
8/31/2020,100.2,12,24,-25,-15,3,1,16,-12,46,33,21,18,14,24,-1,31,3,-4,-5,4.8,-9,3,6,47,26,17,1,15,2,9,11,9,21,8,7
9/30/2020,104,13,32,-12,-6,8,13,17,-6,50,36,23,23,16,26,-2,33,2,-5,-10,5.1,-7,5,11,53,28,16,2,12,2,9,13,9,21,9,8
10/31/2020,104,13,27,-3,6,11,15,20,-2,48,33,18,23,18,25,-3,29,3,-4,-6,4.9,-5,4,12,53,27,17,2,13,1,8,14,9,22,8,6
11/30/2020,101.4,12,8,-7,5,10,18,21,-2,47,34,21,24,20,22,-2,25,2,-3,-4,4.7,-4,5,5,53,26,20,2,13,1,6,14,9,24,7,4
12/31/2020,95.9,8,-16,-14,-2,-4,16,22,-5,48,32,17,21,14,26,-3,26,3,-5,-5,4.8,-6,7,4,52,22,21,2,13,1,6,14,8,21,8,6
1/31/2021,95,8,-23,-16,-7,-6,17,28,0,46,33,17,25,17,23,-1,24,2,-3,-4,4.9,-4,5,4,55,22,19,3,11,1,7,15,8,21,7,8
2/28/2021,95.8,6,-19,-11,2,-8,25,34,-3,51,40,18,25,19,26,-1,28,2,-6,-2,4.9,-3,5,2,57,23,18,2,11,1,9,15,8,24,6,6
3/31/2021,98.2,11,-8,-15,-6,0,26,34,-2,51,42,22,28,17,23,-1,27,2,-3,0,5.1,-5,3,4,59,20,17,4,10,1,7,14,8,24,5,10
4/30/2021,99.8,14,-15,-7,3,1,36,36,1,54,44,21,31,20,24,-3,26,2,-3,0,5.1,-2,7,5,57,27,19,6,8,1,8,13,7,24,6,8
5/31/2021,99.6,13,-26,-11,7,3,40,43,-5,57,48,27,34,22,23,-2,23,3,-3,1,4.9,-1,8,6,59,27,22,8,5,1,8,13,8,26,4,5
6/30/2021,102.5,15,-12,-5,9,7,47,44,-2,56,46,28,39,26,21,-2,25,3,-4,1,4.9,1,11,11,53,25,18,13,7,1,8,11,6,26,5,5
7/31/2021,99.7,13,-20,-13,5,-4,46,44,-6,57,49,27,38,27,21,-2,23,2,-4,1,4.9,-6,12,6,55,26,19,11,6,1,9,12,6,26,4,6
8/31/2021,100.1,11,-28,-15,0,-2,49,44,-8,60,50,32,41,26,20,-3,22,2,-4,2,4.6,-2,11,11,55,30,16,13,6,1,8,12,5,28,10,4
9/30/2021,99.1,11,-33,-14,3,2,46,46,-1,62,51,26,42,30,20,-4,20,2,-4,0,5.6,3,10,9,53,28,17,10,4,0,12,11,3,28,4,11
10/31/2021,98.2,10,-37,-17,-4,0,53,51,-2,58,49,26,44,32,23,-2,23,2,-4,2,4.9,0,9,8,56,31,17,16,5,1,10,11,0,24,5,11
11/30/2021,98.4,10,-38,-17,-2,2,59,54,-1,56,48,25,44,32,21,-1,23,2,-3,2,5.1,3,15,10,55,27,18,18,5,0,9,10,0,29,5,6
12/31/2021,98.9,11,-35,-14,1,3,57,49,1,57,49,28,48,32,23,-4,26,2,-4,4,5.3,7,9,8,57,29,14,22,5,0,13,10,0,25,3,8
1/31/2022,97.1,9,-33,-17,2,-3,58,47,-1,55,47,26,50,27,23,-2,25,3,-4,4,5,9,7,3,58,29,14,22,4,1,11,11,0,23,4,10
2/28/2022,95.7,8,-35,-17,0,-6,64,47,1,57,48,19,45,26,23,-2,25,2,-4,6,5.7,5,7,2,57,27,15,26,4,0,11,8,0,22,5,9
3/31/2022,93.2,6,-49,-17,4,-18,66,52,-2,55,47,20,49,28,25,-3,26,4,-4,9,5.7,0,9,2,56,26,16,31,3,1,8,9,0,22,3,7
4/30/2022,93.2,4,-50,-17,3,-12,63,48,-2,55,47,20,46,27,26,-4,26,2,-5,16,5.3,4,6,1,54,27,14,32,4,1,8,8,0,23,4,6
5/31/2022,93.1,6,-54,-24,1,-15,65,51,-4,61,51,26,49,25,23,-4,22,2,-4,14,5.7,-1,8,1,53,25,12,28,4,1,12,7,0,23,2,11
6/30/2022,89.5,3,-61,-25,-2,-28,63,49,-2,60,50,19,48,28,25,-3,27,1,-5,16,5.3,-4,5,-2,51,23,11,34,4,1,8,8,3,23,3,5
7/31/2022,89.9,4,-52,-26,-5,-29,56,37,-4,57,49,20,48,25,26,-5,25,3,-7,19,5.9,1,2,1,51,22,11,37,4,1,9,5,3,21,2,7
8/31/2022,91.8,5,-42,-33,-8,-19,53,32,-8,57,49,21,46,26,27,-6,23,4,-8,21,6.2,-6,3,4,52,25,15,29,3,1,10,4,3,26,4,5
9/30/2022,92.1,6,-44,-31,-5,-10,51,31,-4,57,46,23,45,23,26,-5,26,2,-6,22,6.7,-2,1,0,56,24,13,30,3,1,10,5,3,22,5,8
10/31/2022,91.3,5,-46,-30,-8,-13,50,34,-2,55,46,20,44,32,28,-6,26,2,-8,22,6.7,-1,0,2,54,23,12,33,3,1,10,5,3,23,2,8
11/30/2022,91.9,6,-43,-22,-7,-8,51,34,-3,54,44,18,40,28,27,-5,22,2,-6,23,7.9,5,-2,-4,55,24,11,32,4,3,9,5,5,21,4,6
